[{"model": "contenttypes.contenttype", "pk": 1, "fields": {"app_label": "admin", "model": "logentry"}}, {"model": "contenttypes.contenttype", "pk": 2, "fields": {"app_label": "auth", "model": "permission"}}, {"model": "contenttypes.contenttype", "pk": 3, "fields": {"app_label": "auth", "model": "group"}}, {"model": "contenttypes.contenttype", "pk": 4, "fields": {"app_label": "contenttypes", "model": "contenttype"}}, {"model": "contenttypes.contenttype", "pk": 5, "fields": {"app_label": "sessions", "model": "session"}}, {"model": "contenttypes.contenttype", "pk": 6, "fields": {"app_label": "app_users", "model": "proxygroups"}}, {"model": "contenttypes.contenttype", "pk": 7, "fields": {"app_label": "app_users", "model": "user"}}, {"model": "contenttypes.contenttype", "pk": 8, "fields": {"app_label": "app_product", "model": "parametervalue"}}, {"model": "contenttypes.contenttype", "pk": 9, "fields": {"app_label": "app_product", "model": "image"}}, {"model": "contenttypes.contenttype", "pk": 10, "fields": {"app_label": "app_product", "model": "category"}}, {"model": "contenttypes.contenttype", "pk": 11, "fields": {"app_label": "app_product", "model": "product"}}, {"model": "contenttypes.contenttype", "pk": 12, "fields": {"app_label": "app_product", "model": "parameter"}}, {"model": "contenttypes.contenttype", "pk": 13, "fields": {"app_label": "app_product", "model": "parametername"}}, {"model": "contenttypes.contenttype", "pk": 14, "fields": {"app_label": "app_vendor", "model": "vendor"}}, {"model": "contenttypes.contenttype", "pk": 15, "fields": {"app_label": "thumbnail", "model": "kvstore"}}, {"model": "contenttypes.contenttype", "pk": 16, "fields": {"app_label": "app_review", "model": "review"}}, {"model": "contenttypes.contenttype", "pk": 17, "fields": {"app_label": "app_orders", "model": "orderitem"}}, {"model": "contenttypes.contenttype", "pk": 18, "fields": {"app_label": "app_orders", "model": "order"}}, {"model": "contenttypes.contenttype", "pk": 19, "fields": {"app_label": "app_settings", "model": "sitesettings"}}, {"model": "sessions.session", "pk": "1slrvy1c8beeuos2uyxsq4zw4fpgbsmu", "fields": {"session_data": "ZGYyYWNjYTIzNDVmYjE2ZGEwZmUzZjhhODk0ZDViMTliMjgxNDljNDp7ImNhcnQiOnsiMTIiOnsicXVhbnRpdHkiOjIsInByaWNlIjoiMTI5OTAuMDAifSwiMTYiOnsicXVhbnRpdHkiOjMsInByaWNlIjoiMTI5OTAuMDAifX19", "expire_date": "2023-02-03T07:35:56.533Z"}}, {"model": "sessions.session", "pk": "2sp642p05gox0adcrz1qksyzn666zak4", "fields": {"session_data": "NjVlMjliY2I1NTNiNWU0NjhjZjBkOTk5YzJhMTAwNzFjMjhiMWYyZTp7ImNhcnQiOnt9LCJfYXV0aF91c2VyX2lkIjoiMSIsIl9hdXRoX3VzZXJfYmFja2VuZCI6ImRqYW5nby5jb250cmliLmF1dGguYmFja2VuZHMuTW9kZWxCYWNrZW5kIiwiX2F1dGhfdXNlcl9oYXNoIjoiMzgwY2Q1YzliM2I0YWIyYzI5MTE5ZGRlYThkYjE2ODgwMThmNDMwYSJ9", "expire_date": "2023-02-08T13:49:45.422Z"}}, {"model": "sessions.session", "pk": "7qp8zgrqbqur15cy9fq9lt7gzzuzyj9w", "fields": {"session_data": "MWRhMTgyNDIxYWMzNGFiZDUxZGU0YTMyMDkxMjVkNDNhZTBhZDE0NDp7ImNhcnQiOnsiMjUiOnsicXVhbnRpdHkiOjMsInByaWNlIjoiMTk5MC4wMCJ9LCIxNiI6eyJxdWFudGl0eSI6MiwicHJpY2UiOiIxMjk5MC4wMCJ9fSwiX2F1dGhfdXNlcl9pZCI6IjEiLCJfYXV0aF91c2VyX2JhY2tlbmQiOiJkamFuZ28uY29udHJpYi5hdXRoLmJhY2tlbmRzLk1vZGVsQmFja2VuZCIsIl9hdXRoX3VzZXJfaGFzaCI6IjM4MGNkNWM5YjNiNGFiMmMyOTExOWRkZWE4ZGIxNjg4MDE4ZjQzMGEifQ==", "expire_date": "2023-02-02T17:12:11.683Z"}}, {"model": "sessions.session", "pk": "9a1t3fcyzvwdcsdt4yc8milcxer5zgi8", "fields": {"session_data": "ZjY3NTA5NGQzZjI5YWQ1NzMwOTI0ZDFkY2U3OGFiYmVmYjVkMzhjZjp7Il9hdXRoX3VzZXJfaWQiOiIxIiwiX2F1dGhfdXNlcl9iYWNrZW5kIjoiZGphbmdvLmNvbnRyaWIuYXV0aC5iYWNrZW5kcy5Nb2RlbEJhY2tlbmQiLCJfYXV0aF91c2VyX2hhc2giOiIzODBjZDVjOWIzYjRhYjJjMjkxMTlkZGVhOGRiMTY4ODAxOGY0MzBhIn0=", "expire_date": "2023-01-31T17:10:22.883Z"}}, {"model": "sessions.session", "pk": "icfrczkz11k2r42u0hax2jkxkrokl07q", "fields": {"session_data": "NjVlMjliY2I1NTNiNWU0NjhjZjBkOTk5YzJhMTAwNzFjMjhiMWYyZTp7ImNhcnQiOnt9LCJfYXV0aF91c2VyX2lkIjoiMSIsIl9hdXRoX3VzZXJfYmFja2VuZCI6ImRqYW5nby5jb250cmliLmF1dGguYmFja2VuZHMuTW9kZWxCYWNrZW5kIiwiX2F1dGhfdXNlcl9oYXNoIjoiMzgwY2Q1YzliM2I0YWIyYzI5MTE5ZGRlYThkYjE2ODgwMThmNDMwYSJ9", "expire_date": "2023-02-06T09:52:25.367Z"}}, {"model": "sessions.session", "pk": "j3j2pktzytkc6o1u35aftadw0huvst9l", "fields": {"session_data": "ZjY3NTA5NGQzZjI5YWQ1NzMwOTI0ZDFkY2U3OGFiYmVmYjVkMzhjZjp7Il9hdXRoX3VzZXJfaWQiOiIxIiwiX2F1dGhfdXNlcl9iYWNrZW5kIjoiZGphbmdvLmNvbnRyaWIuYXV0aC5iYWNrZW5kcy5Nb2RlbEJhY2tlbmQiLCJfYXV0aF91c2VyX2hhc2giOiIzODBjZDVjOWIzYjRhYjJjMjkxMTlkZGVhOGRiMTY4ODAxOGY0MzBhIn0=", "expire_date": "2023-02-01T18:25:44.953Z"}}, {"model": "sessions.session", "pk": "mo1m1n3p70furw4s4h9ldwdst8eswizq", "fields": {"session_data": "NjVlMjliY2I1NTNiNWU0NjhjZjBkOTk5YzJhMTAwNzFjMjhiMWYyZTp7ImNhcnQiOnt9LCJfYXV0aF91c2VyX2lkIjoiMSIsIl9hdXRoX3VzZXJfYmFja2VuZCI6ImRqYW5nby5jb250cmliLmF1dGguYmFja2VuZHMuTW9kZWxCYWNrZW5kIiwiX2F1dGhfdXNlcl9oYXNoIjoiMzgwY2Q1YzliM2I0YWIyYzI5MTE5ZGRlYThkYjE2ODgwMThmNDMwYSJ9", "expire_date": "2023-02-09T10:07:39.891Z"}}, {"model": "sessions.session", "pk": "n5dpdruxuop8g7ydl1x7mlt28c2yq6oy", "fields": {"session_data": "NjVlMjliY2I1NTNiNWU0NjhjZjBkOTk5YzJhMTAwNzFjMjhiMWYyZTp7ImNhcnQiOnt9LCJfYXV0aF91c2VyX2lkIjoiMSIsIl9hdXRoX3VzZXJfYmFja2VuZCI6ImRqYW5nby5jb250cmliLmF1dGguYmFja2VuZHMuTW9kZWxCYWNrZW5kIiwiX2F1dGhfdXNlcl9oYXNoIjoiMzgwY2Q1YzliM2I0YWIyYzI5MTE5ZGRlYThkYjE2ODgwMThmNDMwYSJ9", "expire_date": "2023-02-09T08:38:17.595Z"}}, {"model": "thumbnail.kvstore", "pk": "sorl-thumbnail||image||02b6b261eb5903957cfa3f7b24dfa092", "fields": {"value": "{\"name\": \"products/2023/01/17/product.png\", \"storage\": \"django.core.files.storage.FileSystemStorage\", \"size\": [374, 280]}"}}, {"model": "thumbnail.kvstore", "pk": "sorl-thumbnail||image||03c8d083179123c69ef5cbf2f84eda06", "fields": {"value": "{\"name\": \"products/2023/01/17/\\u0421\\u043a\\u0440\\u0438\\u043d\\u0448\\u043e\\u0442_15-01-2023_112124_APOYqb9.jpg\", \"storage\": \"django.core.files.storage.FileSystemStorage\", \"size\": [819, 876]}"}}, {"model": "thumbnail.kvstore", "pk": "sorl-thumbnail||image||05a56243eabb9fea5d431f91a35476f4", "fields": {"value": "{\"name\": \"cache/3a/05/3a05a451b35bcc5c208f15d82d36779b.jpg\", \"storage\": \"django.core.files.storage.FileSystemStorage\", \"size\": [258, 172]}"}}, {"model": "thumbnail.kvstore", "pk": "sorl-thumbnail||image||09f41303062919be8d89fd7fe050c339", "fields": {"value": "{\"name\": \"cache/1d/57/1d57d69aa6d6ad03d1d17191d91769ce.jpg\", \"storage\": \"django.core.files.storage.FileSystemStorage\", \"size\": [258, 172]}"}}, {"model": "thumbnail.kvstore", "pk": "sorl-thumbnail||image||0c25ef135f3d318c7cd62de690c21e41", "fields": {"value": "{\"name\": \"products/2023/01/17/product_5rwkhyt.png\", \"storage\": \"django.core.files.storage.FileSystemStorage\", \"size\": [374, 280]}"}}, {"model": "thumbnail.kvstore", "pk": "sorl-thumbnail||image||0fe9af1f7ca4cdb88ff86d6630db78d5", "fields": {"value": "{\"name\": \"products/2023/01/17/slider_k8lySXw.png\", \"storage\": \"django.core.files.storage.FileSystemStorage\", \"size\": [735, 454]}"}}, {"model": "thumbnail.kvstore", "pk": "sorl-thumbnail||image||11b6fd4518a867c64b05f3238b11b527", "fields": {"value": "{\"name\": \"products/2023/01/17/\\u0421\\u043a\\u0440\\u0438\\u043d\\u0448\\u043e\\u0442_15-01-2023_112013_pYpECk5.jpg\", \"storage\": \"django.core.files.storage.FileSystemStorage\", \"size\": [903, 838]}"}}, {"model": "thumbnail.kvstore", "pk": "sorl-thumbnail||image||196b86caeb350d4d21e8d5cc4278873e", "fields": {"value": "{\"name\": \"products/2023/01/17/bigGoods_3vRQygA.png\", \"storage\": \"django.core.files.storage.FileSystemStorage\", \"size\": [740, 456]}"}}, {"model": "thumbnail.kvstore", "pk": "sorl-thumbnail||image||1b0a79dbd5015c9890e8a7a4c2378cac", "fields": {"value": "{\"name\": \"cache/88/69/88696d458282bde7bc775fa0822c000e.jpg\", \"storage\": \"django.core.files.storage.FileSystemStorage\", \"size\": [258, 172]}"}}, {"model": "thumbnail.kvstore", "pk": "sorl-thumbnail||image||270d4996805c6343bbb2ff4f64b5d609", "fields": {"value": "{\"name\": \"products/2023/01/17/\\u0421\\u043a\\u0440\\u0438\\u043d\\u0448\\u043e\\u0442_15-01-2023_111942_MfEG9iS.jpg\", \"storage\": \"django.core.files.storage.FileSystemStorage\", \"size\": [721, 876]}"}}, {"model": "thumbnail.kvstore", "pk": "sorl-thumbnail||image||2c9c76d59ae48659192348fcbe357f14", "fields": {"value": "{\"name\": \"products/2023/01/17/mobile_Ew5XjPW.jpg\", \"storage\": \"django.core.files.storage.FileSystemStorage\", \"size\": [800, 827]}"}}, {"model": "thumbnail.kvstore", "pk": "sorl-thumbnail||image||2e1dc25c36cd434adee38a59215cf0f8", "fields": {"value": "{\"name\": \"cache/66/c1/66c1cbf05bd7b679eea62c30d91c17a5.jpg\", \"storage\": \"django.core.files.storage.FileSystemStorage\", \"size\": [258, 172]}"}}, {"model": "thumbnail.kvstore", "pk": "sorl-thumbnail||image||3076ddb7d7069317e1423dfb46398fd6", "fields": {"value": "{\"name\": \"cache/02/39/0239fc46ae24eefdebd8d6c58444e0f1.jpg\", \"storage\": \"django.core.files.storage.FileSystemStorage\", \"size\": [258, 172]}"}}, {"model": "thumbnail.kvstore", "pk": "sorl-thumbnail||image||3aef1a3b1cf234d8cb609c253d9d7885", "fields": {"value": "{\"name\": \"cache/44/4a/444a33b1c17819c8b3a900379dc98f47.jpg\", \"storage\": \"django.core.files.storage.FileSystemStorage\", \"size\": [258, 172]}"}}, {"model": "thumbnail.kvstore", "pk": "sorl-thumbnail||image||3bf255512b6d992a0f8fe688daf5344b", "fields": {"value": "{\"name\": \"products/2023/01/17/videoca_XOgTDbm.png\", \"storage\": \"django.core.files.storage.FileSystemStorage\", \"size\": [214, 162]}"}}, {"model": "thumbnail.kvstore", "pk": "sorl-thumbnail||image||3d148ff982e905c05aeb34b6c9514d34", "fields": {"value": "{\"name\": \"products/2023/01/17/\\u0421\\u043a\\u0440\\u0438\\u043d\\u0448\\u043e\\u0442_15-01-2023_111942_JFBOi8o.jpg\", \"storage\": \"django.core.files.storage.FileSystemStorage\", \"size\": [721, 876]}"}}, {"model": "thumbnail.kvstore", "pk": "sorl-thumbnail||image||3f3cc62b618522745a9fd2bc85b7dc3f", "fields": {"value": "{\"name\": \"cache/7e/61/7e6191666dd5629a01a0459c4a09ec5d.jpg\", \"storage\": \"django.core.files.storage.FileSystemStorage\", \"size\": [258, 172]}"}}, {"model": "thumbnail.kvstore", "pk": "sorl-thumbnail||image||42c846f15423f91c1855a7ed05cf689b", "fields": {"value": "{\"name\": \"products/2023/01/17/mobile.jpg\", \"storage\": \"django.core.files.storage.FileSystemStorage\", \"size\": [800, 827]}"}}, {"model": "thumbnail.kvstore", "pk": "sorl-thumbnail||image||42f5b877042e7f0642d6747394bbbd73", "fields": {"value": "{\"name\": \"products/2023/01/17/\\u0421\\u043a\\u0440\\u0438\\u043d\\u0448\\u043e\\u0442_15-01-2023_112124_FUtoxuF.jpg\", \"storage\": \"django.core.files.storage.FileSystemStorage\", \"size\": [819, 876]}"}}, {"model": "thumbnail.kvstore", "pk": "sorl-thumbnail||image||4321fb7b51862c00f4f503b70b2644c2", "fields": {"value": "{\"name\": \"products/2023/01/17/product_8eO2EhD.png\", \"storage\": \"django.core.files.storage.FileSystemStorage\", \"size\": [374, 280]}"}}, {"model": "thumbnail.kvstore", "pk": "sorl-thumbnail||image||47f851b21f97eda86492ea4a3a813751", "fields": {"value": "{\"name\": \"cache/99/d4/99d42200b1f8ed1b069edc1b6f792e80.jpg\", \"storage\": \"django.core.files.storage.FileSystemStorage\", \"size\": [258, 172]}"}}, {"model": "thumbnail.kvstore", "pk": "sorl-thumbnail||image||4c5a800aac868ce877d8bf1f02dc244a", "fields": {"value": "{\"name\": \"products/2023/01/17/videoca_jmxMRBe.png\", \"storage\": \"django.core.files.storage.FileSystemStorage\", \"size\": [214, 162]}"}}, {"model": "thumbnail.kvstore", "pk": "sorl-thumbnail||image||4e2b36a1eda0512b5c89a67bdc12767c", "fields": {"value": "{\"name\": \"cache/fd/b1/fdb142fa5a28dda9921ac44dc9aef426.jpg\", \"storage\": \"django.core.files.storage.FileSystemStorage\", \"size\": [258, 172]}"}}, {"model": "thumbnail.kvstore", "pk": "sorl-thumbnail||image||5396f81cf3354310d346774d7435a5e4", "fields": {"value": "{\"name\": \"cache/23/af/23af493e2485cf002168390116a78ed7.jpg\", \"storage\": \"django.core.files.storage.FileSystemStorage\", \"size\": [258, 172]}"}}, {"model": "thumbnail.kvstore", "pk": "sorl-thumbnail||image||57e37bfb5cd65d312d39e2e7cfd96e46", "fields": {"value": "{\"name\": \"cache/4d/ae/4dae612397967cf71a2866e5b7467a59.jpg\", \"storage\": \"django.core.files.storage.FileSystemStorage\", \"size\": [258, 172]}"}}, {"model": "thumbnail.kvstore", "pk": "sorl-thumbnail||image||5ae97d4367dfcac0b0e2d3887e6f093b", "fields": {"value": "{\"name\": \"products/2023/01/17/slider_ImE8IrS.png\", \"storage\": \"django.core.files.storage.FileSystemStorage\", \"size\": [735, 454]}"}}, {"model": "thumbnail.kvstore", "pk": "sorl-thumbnail||image||5e1ceb64e739af7e4da8bae0acd0f8df", "fields": {"value": "{\"name\": \"products/2023/01/17/\\u0421\\u043a\\u0440\\u0438\\u043d\\u0448\\u043e\\u0442_15-01-2023_111942_5nFaSur.jpg\", \"storage\": \"django.core.files.storage.FileSystemStorage\", \"size\": [721, 876]}"}}, {"model": "thumbnail.kvstore", "pk": "sorl-thumbnail||image||5f19db463434f89747864a1b74c2a204", "fields": {"value": "{\"name\": \"cache/1a/3a/1a3a58dcce53dd84abf5fe4a4d3f3a48.jpg\", \"storage\": \"django.core.files.storage.FileSystemStorage\", \"size\": [258, 172]}"}}, {"model": "thumbnail.kvstore", "pk": "sorl-thumbnail||image||69c1851fad0cd50e16dbf0336e475663", "fields": {"value": "{\"name\": \"cache/45/8b/458b00eebdca7e1b5b06b58a48747588.jpg\", \"storage\": \"django.core.files.storage.FileSystemStorage\", \"size\": [258, 172]}"}}, {"model": "thumbnail.kvstore", "pk": "sorl-thumbnail||image||6bc80a6cad46698c9fd38d39b685d2b6", "fields": {"value": "{\"name\": \"cache/14/80/1480aa6f2d8e1928d1a12a5a942fd59a.jpg\", \"storage\": \"django.core.files.storage.FileSystemStorage\", \"size\": [258, 172]}"}}, {"model": "thumbnail.kvstore", "pk": "sorl-thumbnail||image||722eebe0d4fe59d653e8ea8d7fb7572e", "fields": {"value": "{\"name\": \"cache/f2/ac/f2ac8ae36b943ef97210913bd38c9b30.jpg\", \"storage\": \"django.core.files.storage.FileSystemStorage\", \"size\": [258, 172]}"}}, {"model": "thumbnail.kvstore", "pk": "sorl-thumbnail||image||79bc945016182feb0572e6c37c04d8bf", "fields": {"value": "{\"name\": \"products/2023/01/17/slider_G3QvBTd.png\", \"storage\": \"django.core.files.storage.FileSystemStorage\", \"size\": [735, 454]}"}}, {"model": "thumbnail.kvstore", "pk": "sorl-thumbnail||image||79eecf636a181844c3dfefc9a83d66d8", "fields": {"value": "{\"name\": \"cache/ae/de/aede892f2f8d57a54a6e8a51e78c1540.jpg\", \"storage\": \"django.core.files.storage.FileSystemStorage\", \"size\": [258, 172]}"}}, {"model": "thumbnail.kvstore", "pk": "sorl-thumbnail||image||7d42a50fd21aa6f96e21fd97fc868287", "fields": {"value": "{\"name\": \"products/2023/01/17/mobile_Qew0NWt.jpg\", \"storage\": \"django.core.files.storage.FileSystemStorage\", \"size\": [800, 827]}"}}, {"model": "thumbnail.kvstore", "pk": "sorl-thumbnail||image||7e315b20c86d1bc5bb80c8d23fc7a48e", "fields": {"value": "{\"name\": \"cache/69/7c/697c2835854a3c624b1b1b0842766392.jpg\", \"storage\": \"django.core.files.storage.FileSystemStorage\", \"size\": [258, 172]}"}}, {"model": "thumbnail.kvstore", "pk": "sorl-thumbnail||image||8dd22feae53b97c2e821c4f79dbb7b01", "fields": {"value": "{\"name\": \"products/2023/01/17/\\u0421\\u043a\\u0440\\u0438\\u043d\\u0448\\u043e\\u0442_15-01-2023_111942_D1Wanpr.jpg\", \"storage\": \"django.core.files.storage.FileSystemStorage\", \"size\": [721, 876]}"}}, {"model": "thumbnail.kvstore", "pk": "sorl-thumbnail||image||8f919a90478dc753268f905757dfca62", "fields": {"value": "{\"name\": \"cache/05/b2/05b28b4a8d62ada529d5a7e4483b4a51.jpg\", \"storage\": \"django.core.files.storage.FileSystemStorage\", \"size\": [258, 172]}"}}, {"model": "thumbnail.kvstore", "pk": "sorl-thumbnail||image||a99532ca70caf2532728f365d8f1f107", "fields": {"value": "{\"name\": \"cache/31/bf/31bf5c6e6f89e247d0848f0df18847bb.jpg\", \"storage\": \"django.core.files.storage.FileSystemStorage\", \"size\": [258, 172]}"}}, {"model": "thumbnail.kvstore", "pk": "sorl-thumbnail||image||ad919be62db4ba091ec2f0e4f20b10c4", "fields": {"value": "{\"name\": \"products/2023/01/17/slider_jvF2bvC.png\", \"storage\": \"django.core.files.storage.FileSystemStorage\", \"size\": [735, 454]}"}}, {"model": "thumbnail.kvstore", "pk": "sorl-thumbnail||image||ae55739b4bbc092b0235131d351eebf7", "fields": {"value": "{\"name\": \"products/2023/01/17/videoca_eaJSgEf.png\", \"storage\": \"django.core.files.storage.FileSystemStorage\", \"size\": [214, 162]}"}}, {"model": "thumbnail.kvstore", "pk": "sorl-thumbnail||image||b0f52db9ce2ce785b2365311b33b17f9", "fields": {"value": "{\"name\": \"cache/57/97/57977e0d4a55b88e81d170911675b50c.jpg\", \"storage\": \"django.core.files.storage.FileSystemStorage\", \"size\": [258, 172]}"}}, {"model": "thumbnail.kvstore", "pk": "sorl-thumbnail||image||b2debd5dc86f0a1d207f64f25f57e450", "fields": {"value": "{\"name\": \"cache/0e/0e/0e0e6cf6044eac50dcbd2404bdcb8444.jpg\", \"storage\": \"django.core.files.storage.FileSystemStorage\", \"size\": [258, 172]}"}}, {"model": "thumbnail.kvstore", "pk": "sorl-thumbnail||image||b2e8e982d96c29ca7f2f4986ddcf9334", "fields": {"value": "{\"name\": \"products/2023/01/17/mobile_7twdM8x.jpg\", \"storage\": \"django.core.files.storage.FileSystemStorage\", \"size\": [800, 827]}"}}, {"model": "thumbnail.kvstore", "pk": "sorl-thumbnail||image||b8c2e20f3bac86b59b5f97dfd5bc79d1", "fields": {"value": "{\"name\": \"cache/f5/aa/f5aac117f2fd6606eeea8685ae39e0c8.jpg\", \"storage\": \"django.core.files.storage.FileSystemStorage\", \"size\": [258, 172]}"}}, {"model": "thumbnail.kvstore", "pk": "sorl-thumbnail||image||b9ac86a6e1239f22be1f193584627597", "fields": {"value": "{\"name\": \"products/2023/01/17/card_0Je9lKK.jpg\", \"storage\": \"django.core.files.storage.FileSystemStorage\", \"size\": [240, 160]}"}}, {"model": "thumbnail.kvstore", "pk": "sorl-thumbnail||image||ba5f5ec898ed0f36edafe8cc2e1fa650", "fields": {"value": "{\"name\": \"cache/7f/71/7f71a93ea14b04854d95c3bf1c5d538e.jpg\", \"storage\": \"django.core.files.storage.FileSystemStorage\", \"size\": [258, 172]}"}}, {"model": "thumbnail.kvstore", "pk": "sorl-thumbnail||image||c05056fa78e264c240b478bd75b645cd", "fields": {"value": "{\"name\": \"cache/af/4a/af4a4224c2e724a23ca8d7a9a77f7856.jpg\", \"storage\": \"django.core.files.storage.FileSystemStorage\", \"size\": [258, 172]}"}}, {"model": "thumbnail.kvstore", "pk": "sorl-thumbnail||image||c3ff91069c5187cef1f690e322bf5b01", "fields": {"value": "{\"name\": \"cache/d8/33/d83349f6109a2aa153304b1b3b6476cf.jpg\", \"storage\": \"django.core.files.storage.FileSystemStorage\", \"size\": [258, 172]}"}}, {"model": "thumbnail.kvstore", "pk": "sorl-thumbnail||image||c51c9b7d0031dec45a54bb33e4a0e792", "fields": {"value": "{\"name\": \"cache/ef/ae/efae1bafcb968f9e60859e22d29a5c12.jpg\", \"storage\": \"django.core.files.storage.FileSystemStorage\", \"size\": [258, 172]}"}}, {"model": "thumbnail.kvstore", "pk": "sorl-thumbnail||image||c6085da6fe7e7c605274e0e3b0d7db64", "fields": {"value": "{\"name\": \"products/2023/01/17/product_TTxvMTS.png\", \"storage\": \"django.core.files.storage.FileSystemStorage\", \"size\": [374, 280]}"}}, {"model": "thumbnail.kvstore", "pk": "sorl-thumbnail||image||c730854782c54d04339e6f0627e6689e", "fields": {"value": "{\"name\": \"products/2023/01/17/bigGoods_wEbINpf.png\", \"storage\": \"django.core.files.storage.FileSystemStorage\", \"size\": [740, 456]}"}}, {"model": "thumbnail.kvstore", "pk": "sorl-thumbnail||image||cd2202542427978c2b5da9865f2ccf30", "fields": {"value": "{\"name\": \"products/2023/01/17/\\u0421\\u043a\\u0440\\u0438\\u043d\\u0448\\u043e\\u0442_15-01-2023_112013_K4WlFqF.jpg\", \"storage\": \"django.core.files.storage.FileSystemStorage\", \"size\": [903, 838]}"}}, {"model": "thumbnail.kvstore", "pk": "sorl-thumbnail||image||d78b777b25c5e82866ac5de0a329c247", "fields": {"value": "{\"name\": \"cache/ed/bf/edbf4f012bac7a924b16e46ed2c1c5b7.jpg\", \"storage\": \"django.core.files.storage.FileSystemStorage\", \"size\": [258, 172]}"}}, {"model": "thumbnail.kvstore", "pk": "sorl-thumbnail||image||db11edd6a86eb28ceed28484f4d77fd5", "fields": {"value": "{\"name\": \"products/2023/01/17/videoca_7IAzXQ2.png\", \"storage\": \"django.core.files.storage.FileSystemStorage\", \"size\": [214, 162]}"}}, {"model": "thumbnail.kvstore", "pk": "sorl-thumbnail||image||db68ffbf91afe197c250fc47265089c7", "fields": {"value": "{\"name\": \"cache/8d/a5/8da55d8c0a9e35425c561a9b0e61cdc6.jpg\", \"storage\": \"django.core.files.storage.FileSystemStorage\", \"size\": [258, 172]}"}}, {"model": "thumbnail.kvstore", "pk": "sorl-thumbnail||image||dd3c879c38e08353c248c76adcb25f56", "fields": {"value": "{\"name\": \"cache/dc/24/dc245a73e2ff084973264e467a475d27.jpg\", \"storage\": \"django.core.files.storage.FileSystemStorage\", \"size\": [258, 172]}"}}, {"model": "thumbnail.kvstore", "pk": "sorl-thumbnail||image||e402fb5c6dc752746eccc31c6541699d", "fields": {"value": "{\"name\": \"cache/da/40/da40c328789a599fdee1edc9c7aa80f7.jpg\", \"storage\": \"django.core.files.storage.FileSystemStorage\", \"size\": [258, 172]}"}}, {"model": "thumbnail.kvstore", "pk": "sorl-thumbnail||image||e6c92ed3c2f9ed3b9b4188b51ddb485d", "fields": {"value": "{\"name\": \"products/2023/01/17/\\u0421\\u043a\\u0440\\u0438\\u043d\\u0448\\u043e\\u0442_15-01-2023_112124_EW5pB1h.jpg\", \"storage\": \"django.core.files.storage.FileSystemStorage\", \"size\": [819, 876]}"}}, {"model": "thumbnail.kvstore", "pk": "sorl-thumbnail||image||e7c0cf17dea0c09e735b994fab8261af", "fields": {"value": "{\"name\": \"products/2023/01/17/\\u0421\\u043a\\u0440\\u0438\\u043d\\u0448\\u043e\\u0442_15-01-2023_112013_yE7jNbP.jpg\", \"storage\": \"django.core.files.storage.FileSystemStorage\", \"size\": [903, 838]}"}}, {"model": "thumbnail.kvstore", "pk": "sorl-thumbnail||image||ec0d2af6cbb9b645246b3efb7b8ec8e2", "fields": {"value": "{\"name\": \"products/2023/01/17/\\u0421\\u043a\\u0440\\u0438\\u043d\\u0448\\u043e\\u0442_15-01-2023_112013_QGyATMC.jpg\", \"storage\": \"django.core.files.storage.FileSystemStorage\", \"size\": [903, 838]}"}}, {"model": "thumbnail.kvstore", "pk": "sorl-thumbnail||image||ed8126bbb934ac5f0f9e6909472a897f", "fields": {"value": "{\"name\": \"products/2023/01/17/card_pcQT38p.jpg\", \"storage\": \"django.core.files.storage.FileSystemStorage\", \"size\": [240, 160]}"}}, {"model": "thumbnail.kvstore", "pk": "sorl-thumbnail||image||ee311819e1a3a9744fe8d1d77e6e4953", "fields": {"value": "{\"name\": \"products/2023/01/17/\\u0421\\u043a\\u0440\\u0438\\u043d\\u0448\\u043e\\u0442_15-01-2023_112124_8xTSE6l.jpg\", \"storage\": \"django.core.files.storage.FileSystemStorage\", \"size\": [819, 876]}"}}, {"model": "thumbnail.kvstore", "pk": "sorl-thumbnail||image||f626921a97ddea02407b60db8f9a7d18", "fields": {"value": "{\"name\": \"cache/19/5e/195e8d829ae6a50ff31ca7da210a0de5.jpg\", \"storage\": \"django.core.files.storage.FileSystemStorage\", \"size\": [258, 172]}"}}, {"model": "thumbnail.kvstore", "pk": "sorl-thumbnail||image||fc3943bea5250003c88cb36882545281", "fields": {"value": "{\"name\": \"cache/2c/12/2c12f4b9e451809275f69f01bfcb6d14.jpg\", \"storage\": \"django.core.files.storage.FileSystemStorage\", \"size\": [258, 172]}"}}, {"model": "thumbnail.kvstore", "pk": "sorl-thumbnail||thumbnails||02b6b261eb5903957cfa3f7b24dfa092", "fields": {"value": "[\"b0f52db9ce2ce785b2365311b33b17f9\"]"}}, {"model": "thumbnail.kvstore", "pk": "sorl-thumbnail||thumbnails||03c8d083179123c69ef5cbf2f84eda06", "fields": {"value": "[\"c05056fa78e264c240b478bd75b645cd\"]"}}, {"model": "thumbnail.kvstore", "pk": "sorl-thumbnail||thumbnails||0c25ef135f3d318c7cd62de690c21e41", "fields": {"value": "[\"8f919a90478dc753268f905757dfca62\"]"}}, {"model": "thumbnail.kvstore", "pk": "sorl-thumbnail||thumbnails||0fe9af1f7ca4cdb88ff86d6630db78d5", "fields": {"value": "[\"a99532ca70caf2532728f365d8f1f107\"]"}}, {"model": "thumbnail.kvstore", "pk": "sorl-thumbnail||thumbnails||11b6fd4518a867c64b05f3238b11b527", "fields": {"value": "[\"79eecf636a181844c3dfefc9a83d66d8\"]"}}, {"model": "thumbnail.kvstore", "pk": "sorl-thumbnail||thumbnails||196b86caeb350d4d21e8d5cc4278873e", "fields": {"value": "[\"b2debd5dc86f0a1d207f64f25f57e450\"]"}}, {"model": "thumbnail.kvstore", "pk": "sorl-thumbnail||thumbnails||270d4996805c6343bbb2ff4f64b5d609", "fields": {"value": "[\"3076ddb7d7069317e1423dfb46398fd6\"]"}}, {"model": "thumbnail.kvstore", "pk": "sorl-thumbnail||thumbnails||2c9c76d59ae48659192348fcbe357f14", "fields": {"value": "[\"3aef1a3b1cf234d8cb609c253d9d7885\"]"}}, {"model": "thumbnail.kvstore", "pk": "sorl-thumbnail||thumbnails||3bf255512b6d992a0f8fe688daf5344b", "fields": {"value": "[\"ba5f5ec898ed0f36edafe8cc2e1fa650\"]"}}, {"model": "thumbnail.kvstore", "pk": "sorl-thumbnail||thumbnails||3d148ff982e905c05aeb34b6c9514d34", "fields": {"value": "[\"3f3cc62b618522745a9fd2bc85b7dc3f\"]"}}, {"model": "thumbnail.kvstore", "pk": "sorl-thumbnail||thumbnails||42c846f15423f91c1855a7ed05cf689b", "fields": {"value": "[\"c51c9b7d0031dec45a54bb33e4a0e792\"]"}}, {"model": "thumbnail.kvstore", "pk": "sorl-thumbnail||thumbnails||42f5b877042e7f0642d6747394bbbd73", "fields": {"value": "[\"4e2b36a1eda0512b5c89a67bdc12767c\"]"}}, {"model": "thumbnail.kvstore", "pk": "sorl-thumbnail||thumbnails||4321fb7b51862c00f4f503b70b2644c2", "fields": {"value": "[\"b8c2e20f3bac86b59b5f97dfd5bc79d1\"]"}}, {"model": "thumbnail.kvstore", "pk": "sorl-thumbnail||thumbnails||4c5a800aac868ce877d8bf1f02dc244a", "fields": {"value": "[\"05a56243eabb9fea5d431f91a35476f4\"]"}}, {"model": "thumbnail.kvstore", "pk": "sorl-thumbnail||thumbnails||5ae97d4367dfcac0b0e2d3887e6f093b", "fields": {"value": "[\"722eebe0d4fe59d653e8ea8d7fb7572e\"]"}}, {"model": "thumbnail.kvstore", "pk": "sorl-thumbnail||thumbnails||5e1ceb64e739af7e4da8bae0acd0f8df", "fields": {"value": "[\"dd3c879c38e08353c248c76adcb25f56\"]"}}, {"model": "thumbnail.kvstore", "pk": "sorl-thumbnail||thumbnails||79bc945016182feb0572e6c37c04d8bf", "fields": {"value": "[\"e402fb5c6dc752746eccc31c6541699d\"]"}}, {"model": "thumbnail.kvstore", "pk": "sorl-thumbnail||thumbnails||7d42a50fd21aa6f96e21fd97fc868287", "fields": {"value": "[\"f626921a97ddea02407b60db8f9a7d18\"]"}}, {"model": "thumbnail.kvstore", "pk": "sorl-thumbnail||thumbnails||8dd22feae53b97c2e821c4f79dbb7b01", "fields": {"value": "[\"69c1851fad0cd50e16dbf0336e475663\"]"}}, {"model": "thumbnail.kvstore", "pk": "sorl-thumbnail||thumbnails||ad919be62db4ba091ec2f0e4f20b10c4", "fields": {"value": "[\"09f41303062919be8d89fd7fe050c339\"]"}}, {"model": "thumbnail.kvstore", "pk": "sorl-thumbnail||thumbnails||ae55739b4bbc092b0235131d351eebf7", "fields": {"value": "[\"5396f81cf3354310d346774d7435a5e4\"]"}}, {"model": "thumbnail.kvstore", "pk": "sorl-thumbnail||thumbnails||b2e8e982d96c29ca7f2f4986ddcf9334", "fields": {"value": "[\"7e315b20c86d1bc5bb80c8d23fc7a48e\"]"}}, {"model": "thumbnail.kvstore", "pk": "sorl-thumbnail||thumbnails||b9ac86a6e1239f22be1f193584627597", "fields": {"value": "[\"6bc80a6cad46698c9fd38d39b685d2b6\"]"}}, {"model": "thumbnail.kvstore", "pk": "sorl-thumbnail||thumbnails||c6085da6fe7e7c605274e0e3b0d7db64", "fields": {"value": "[\"db68ffbf91afe197c250fc47265089c7\"]"}}, {"model": "thumbnail.kvstore", "pk": "sorl-thumbnail||thumbnails||c730854782c54d04339e6f0627e6689e", "fields": {"value": "[\"1b0a79dbd5015c9890e8a7a4c2378cac\"]"}}, {"model": "thumbnail.kvstore", "pk": "sorl-thumbnail||thumbnails||cd2202542427978c2b5da9865f2ccf30", "fields": {"value": "[\"c3ff91069c5187cef1f690e322bf5b01\"]"}}, {"model": "thumbnail.kvstore", "pk": "sorl-thumbnail||thumbnails||db11edd6a86eb28ceed28484f4d77fd5", "fields": {"value": "[\"2e1dc25c36cd434adee38a59215cf0f8\"]"}}, {"model": "thumbnail.kvstore", "pk": "sorl-thumbnail||thumbnails||e6c92ed3c2f9ed3b9b4188b51ddb485d", "fields": {"value": "[\"d78b777b25c5e82866ac5de0a329c247\"]"}}, {"model": "thumbnail.kvstore", "pk": "sorl-thumbnail||thumbnails||e7c0cf17dea0c09e735b994fab8261af", "fields": {"value": "[\"47f851b21f97eda86492ea4a3a813751\"]"}}, {"model": "thumbnail.kvstore", "pk": "sorl-thumbnail||thumbnails||ec0d2af6cbb9b645246b3efb7b8ec8e2", "fields": {"value": "[\"5f19db463434f89747864a1b74c2a204\"]"}}, {"model": "thumbnail.kvstore", "pk": "sorl-thumbnail||thumbnails||ed8126bbb934ac5f0f9e6909472a897f", "fields": {"value": "[\"fc3943bea5250003c88cb36882545281\"]"}}, {"model": "thumbnail.kvstore", "pk": "sorl-thumbnail||thumbnails||ee311819e1a3a9744fe8d1d77e6e4953", "fields": {"value": "[\"57e37bfb5cd65d312d39e2e7cfd96e46\"]"}}, {"model": "app_orders.orderitem", "pk": 1, "fields": {"order": 1, "product": 20, "price": "6790.00", "quantity": 1}}, {"model": "app_orders.orderitem", "pk": 2, "fields": {"order": 1, "product": 13, "price": "55000.00", "quantity": 1}}, {"model": "app_orders.orderitem", "pk": 3, "fields": {"order": 2, "product": 33, "price": "99.37", "quantity": 1}}, {"model": "app_orders.orderitem", "pk": 4, "fields": {"order": 2, "product": 7, "price": "112000.00", "quantity": 2}}, {"model": "app_orders.orderitem", "pk": 10, "fields": {"order": 14, "product": 33, "price": "99.37", "quantity": 11}}, {"model": "app_orders.orderitem", "pk": 11, "fields": {"order": 14, "product": 4, "price": "9990.00", "quantity": 1}}, {"model": "app_orders.orderitem", "pk": 12, "fields": {"order": 15, "product": 9, "price": "60000.00", "quantity": 1}}, {"model": "app_orders.orderitem", "pk": 13, "fields": {"order": 15, "product": 5, "price": "33500.00", "quantity": 1}}, {"model": "app_orders.orderitem", "pk": 14, "fields": {"order": 16, "product": 25, "price": "1990.00", "quantity": 6}}, {"model": "app_orders.orderitem", "pk": 15, "fields": {"order": 17, "product": 31, "price": "36990.00", "quantity": 4}}, {"model": "app_orders.orderitem", "pk": 16, "fields": {"order": 18, "product": 31, "price": "36990.00", "quantity": 1}}, {"model": "app_orders.orderitem", "pk": 17, "fields": {"order": 18, "product": 23, "price": "132890.00", "quantity": 1}}, {"model": "app_product.category", "pk": 1, "fields": {"name": "\u041a\u043e\u043c\u043f\u044c\u044e\u0442\u0435\u0440\u043d\u0430\u044f \u0442\u0435\u0445\u043d\u0438\u043a\u0430", "slug": "kompyuternaya-tehnika", "icon": "category/1.svg", "parent": 12, "image": "category/bigGoods.png", "lft": 10, "rght": 15, "tree_id": 1, "level": 1}}, {"model": "app_product.category", "pk": 2, "fields": {"name": "\u041d\u043e\u0443\u0442\u0431\u0443\u043a\u0438", "slug": "noutbuki", "icon": "category/1_mzhV2Tg.svg", "parent": 1, "image": "category/bigGoods_pgLS0Df.png", "lft": 13, "rght": 14, "tree_id": 1, "level": 2}}, {"model": "app_product.category", "pk": 3, "fields": {"name": "\u0412\u0438\u0434\u0435\u043e\u043a\u0430\u0440\u0442\u044b", "slug": "videokarty", "icon": "category/6.svg", "parent": 1, "image": "category/videoca.png", "lft": 11, "rght": 12, "tree_id": 1, "level": 2}}, {"model": "app_product.category", "pk": 4, "fields": {"name": "\u0411\u0435\u0441\u043f\u0438\u043b\u043e\u0442\u043d\u0438\u043a\u0438", "slug": "bespilotniki", "icon": "category/10.svg", "parent": 12, "image": "category/slider.png", "lft": 8, "rght": 9, "tree_id": 1, "level": 1}}, {"model": "app_product.category", "pk": 5, "fields": {"name": "\u041c\u043e\u0431\u0438\u043b\u044c\u043d\u044b\u0435 \u0443\u0441\u0442\u0440\u043e\u0439\u0441\u0442\u0432\u0430", "slug": "mobilnye-ustrojstva", "icon": "category/8.svg", "parent": 12, "image": "category/mobile.jpg", "lft": 16, "rght": 21, "tree_id": 1, "level": 1}}, {"model": "app_product.category", "pk": 6, "fields": {"name": "\u041c\u043e\u0431\u0438\u043b\u044c\u043d\u044b\u0435 \u0442\u0435\u043b\u0435\u0444\u043e\u043d\u044b", "slug": "mobilnye-telefony", "icon": "category/8_Y98mcjR.svg", "parent": 5, "image": "category/mobile_stR0rM8.jpg", "lft": 17, "rght": 18, "tree_id": 1, "level": 2}}, {"model": "app_product.category", "pk": 7, "fields": {"name": "\u041f\u043b\u0430\u043d\u0448\u0435\u0442\u044b", "slug": "planshety", "icon": "category/8_BdBzryl.svg", "parent": 5, "image": "category/product.png", "lft": 19, "rght": 20, "tree_id": 1, "level": 2}}, {"model": "app_product.category", "pk": 8, "fields": {"name": "\u0410\u0443\u0434\u0438\u043e\u0442\u0435\u0445\u043d\u0438\u043a\u0430", "slug": "audiotehnika", "icon": "category/5.svg", "parent": 12, "image": "category/\u0421\u043a\u0440\u0438\u043d\u0448\u043e\u0442_15-01-2023_111647.jpg", "lft": 2, "rght": 7, "tree_id": 1, "level": 1}}, {"model": "app_product.category", "pk": 9, "fields": {"name": "\u041d\u0430\u0443\u0448\u043d\u0438\u043a\u0438", "slug": "naushniki", "icon": "category/2.svg", "parent": 8, "image": "category/\u0421\u043a\u0440\u0438\u043d\u0448\u043e\u0442_15-01-2023_111942.jpg", "lft": 5, "rght": 6, "tree_id": 1, "level": 2}}, {"model": "app_product.category", "pk": 10, "fields": {"name": "\u0411\u0435\u0441\u043f\u0440\u043e\u0432\u043e\u0434\u043d\u044b\u0435 \u0441\u0442\u0430\u043d\u0446\u0438\u0438", "slug": "besprovodnye-stancii", "icon": "category/6_n64v104.svg", "parent": 8, "image": "category/\u0421\u043a\u0440\u0438\u043d\u0448\u043e\u0442_15-01-2023_112013.jpg", "lft": 3, "rght": 4, "tree_id": 1, "level": 2}}, {"model": "app_product.category", "pk": 11, "fields": {"name": "\u0422\u0440\u0435\u043d\u0430\u0436\u0435\u0440\u044b", "slug": "trenazhery", "icon": "category/11.svg", "parent": 12, "image": "category/\u0421\u043a\u0440\u0438\u043d\u0448\u043e\u0442_15-01-2023_112124.jpg", "lft": 22, "rght": 23, "tree_id": 1, "level": 1}}, {"model": "app_product.category", "pk": 12, "fields": {"name": "\u0412\u0441\u0435 \u043a\u0430\u0442\u0435\u0433\u043e\u0440\u0438\u0438", "slug": "vse-kategorii", "icon": "", "parent": null, "image": "", "lft": 1, "rght": 24, "tree_id": 1, "level": 0}}, {"model": "app_product.product", "pk": 1, "fields": {"category": 6, "vendor": 3, "name": "Robophone RX-10", "description": "<h2>\u041b\u043e\u0440\u0435\u043c \u0438\u043f\u0441\u0443\u043c</h2>\r\n\r\n<h3>\u041b\u043e\u0440\u0435\u043c \u0438\u043f\u0441\u0443\u043c</h3>\r\n\r\n<p>\u041b\u043e\u0440\u0435\u043c \u0438\u043f\u0441\u0443\u043c \u0434\u043e\u043b\u043e\u0440 \u0441\u0438\u0442 \u0430\u043c\u0435\u0442, \u044f\u0443\u0430\u0441 \u0434\u0435\u043b\u0435\u043d\u0438\u0442\u0438 \u043b\u0435\u0433\u0435\u043d\u0434\u043e\u0441 \u0435\u0445 \u0435\u043e\u0441, \u0435\u0443 \u043d\u0430\u043c \u043f\u043e\u0440\u0440\u043e \u043d\u043e\u043c\u0438\u043d\u0430\u0442\u0438 \u0446\u043e\u0442\u0438\u0434\u0438\u0435\u044f\u0443\u0435. \u0410\u0434 \u0444\u0435\u0440\u0440\u0438 \u0434\u043e\u043b\u043e\u0440\u0435\u043c \u043d\u0430\u043c, \u0438\u043d \u0432\u0438\u0441 \u0435\u0440\u0430\u0442 \u044f\u0443\u0438\u0434\u0430\u043c \u043d\u0435\u043c\u043e\u0440\u0435. \u0415\u0430 \u0445\u0438\u0441 \u0432\u0438\u0434\u0435 \u044f\u0443\u0430\u0435\u044f\u0443\u0435 \u0435\u0445\u043f\u0435\u0442\u0435\u043d\u0434\u0430, \u043c\u0430\u0438\u043e\u0440\u0443\u043c \u0438\u043d\u0441\u043e\u043b\u0435\u043d\u0441 \u0441\u0438\u0442 \u0435\u0438. \u0415\u0430\u043c \u0432\u0438\u0434\u0435 \u0430\u043f\u043f\u0435\u0442\u0435\u0440\u0435 \u043d\u043e, \u0435\u0443\u043c \u0438\u043d\u0432\u0438\u0434\u0443\u043d\u0442 \u0434\u0438\u0441\u043f\u0443\u0442\u0430\u043d\u0434\u043e \u0446\u0443. \u0415\u0430\u043c \u0442\u0435 \u0441\u0430\u043f\u0435\u0440\u0435\u0442 \u0435\u0445\u043f\u0435\u0442\u0435\u043d\u0434\u0430 \u0438\u043c\u043f\u0435\u0440\u0434\u0438\u0435\u0442, \u044f\u0443\u043e \u0435\u0440\u0438\u043f\u0443\u0438\u0442 \u0434\u043e\u043b\u043e\u0440\u0435\u043c \u043e\u0446\u0443\u0440\u0440\u0435\u0440\u0435\u0442 \u0446\u0443, \u0432\u0438\u043c \u0444\u0435\u0440\u0440\u0438 \u0438\u0440\u0438\u0443\u0440\u0435 \u0435\u0440\u0443\u0434\u0438\u0442\u0438 \u0435\u0430. \u0415\u0438 \u0432\u0435\u0440\u0438 \u0444\u0443\u0433\u0438\u0442 \u0438\u0443\u0441\u0442\u043e \u0445\u0430\u0441, \u043e\u043c\u043d\u0435\u0441 \u043d\u043e\u0441\u0442\u0440\u0443\u0434 \u043f\u0435\u0440 \u0435\u0438.</p>\r\n\r\n<h3>\u041b\u043e\u0440\u0435\u043c \u0438\u043f\u0441\u0443\u043c</h3>\r\n\r\n<ul>\r\n<li>dolor sit amet</li>\r\n<li>consectetur adipiscing elit</li>\r\n<li>\u0435\u0443 \u043d\u0430\u043c \u043f\u043e\u0440\u0440\u043e \u043d\u043e\u043c\u0438\u043d\u0430\u0442\u0438 \u0446\u043e\u0442\u0438\u0434\u0438\u0435\u044f\u0443\u0435</li>\r\n<li>\u0434\u043e\u043b\u043e\u0440\u0435\u043c \u043e\u0446\u0443\u0440\u0440\u0435\u0440\u0435\u0442 \u0446\u0443</li>\r\n</ul>\r\n\r\n<h3>\u041b\u043e\u0440\u0435\u043c \u0438\u043f\u0441\u0443\u043c</h3>\r\n\r\n<p>Lorem ipsum dolor sit amet, consectetur adipiscing elit, sed do eiusmod tempor incididunt ut labore et dolore magna aliqua. Ut enim ad minim veniam, quis nostrud exercitation ullamco laboris nisi ut aliquip ex ea commodo consequat.</p>", "price": "55990.00", "stock": 35, "available": true, "created": "2023-01-15T10:00:53.742Z", "updated": "2023-01-17T18:20:54.745Z", "manufacturer": "Robophone", "limited": false}}, {"model": "app_product.product", "pk": 2, "fields": {"category": 6, "vendor": 3, "name": "Robophone RX-11", "description": "<h2>\u041b\u043e\u0440\u0435\u043c \u0438\u043f\u0441\u0443\u043c</h2>\r\n\r\n<h3>\u041b\u043e\u0440\u0435\u043c \u0438\u043f\u0441\u0443\u043c</h3>\r\n\r\n<p>\u041b\u043e\u0440\u0435\u043c \u0438\u043f\u0441\u0443\u043c \u0434\u043e\u043b\u043e\u0440 \u0441\u0438\u0442 \u0430\u043c\u0435\u0442, \u044f\u0443\u0430\u0441 \u0434\u0435\u043b\u0435\u043d\u0438\u0442\u0438 \u043b\u0435\u0433\u0435\u043d\u0434\u043e\u0441 \u0435\u0445 \u0435\u043e\u0441, \u0435\u0443 \u043d\u0430\u043c \u043f\u043e\u0440\u0440\u043e \u043d\u043e\u043c\u0438\u043d\u0430\u0442\u0438 \u0446\u043e\u0442\u0438\u0434\u0438\u0435\u044f\u0443\u0435. \u0410\u0434 \u0444\u0435\u0440\u0440\u0438 \u0434\u043e\u043b\u043e\u0440\u0435\u043c \u043d\u0430\u043c, \u0438\u043d \u0432\u0438\u0441 \u0435\u0440\u0430\u0442 \u044f\u0443\u0438\u0434\u0430\u043c \u043d\u0435\u043c\u043e\u0440\u0435. \u0415\u0430 \u0445\u0438\u0441 \u0432\u0438\u0434\u0435 \u044f\u0443\u0430\u0435\u044f\u0443\u0435 \u0435\u0445\u043f\u0435\u0442\u0435\u043d\u0434\u0430, \u043c\u0430\u0438\u043e\u0440\u0443\u043c \u0438\u043d\u0441\u043e\u043b\u0435\u043d\u0441 \u0441\u0438\u0442 \u0435\u0438. \u0415\u0430\u043c \u0432\u0438\u0434\u0435 \u0430\u043f\u043f\u0435\u0442\u0435\u0440\u0435 \u043d\u043e, \u0435\u0443\u043c \u0438\u043d\u0432\u0438\u0434\u0443\u043d\u0442 \u0434\u0438\u0441\u043f\u0443\u0442\u0430\u043d\u0434\u043e \u0446\u0443. \u0415\u0430\u043c \u0442\u0435 \u0441\u0430\u043f\u0435\u0440\u0435\u0442 \u0435\u0445\u043f\u0435\u0442\u0435\u043d\u0434\u0430 \u0438\u043c\u043f\u0435\u0440\u0434\u0438\u0435\u0442, \u044f\u0443\u043e \u0435\u0440\u0438\u043f\u0443\u0438\u0442 \u0434\u043e\u043b\u043e\u0440\u0435\u043c \u043e\u0446\u0443\u0440\u0440\u0435\u0440\u0435\u0442 \u0446\u0443, \u0432\u0438\u043c \u0444\u0435\u0440\u0440\u0438 \u0438\u0440\u0438\u0443\u0440\u0435 \u0435\u0440\u0443\u0434\u0438\u0442\u0438 \u0435\u0430. \u0415\u0438 \u0432\u0435\u0440\u0438 \u0444\u0443\u0433\u0438\u0442 \u0438\u0443\u0441\u0442\u043e \u0445\u0430\u0441, \u043e\u043c\u043d\u0435\u0441 \u043d\u043e\u0441\u0442\u0440\u0443\u0434 \u043f\u0435\u0440 \u0435\u0438.</p>\r\n\r\n<h3>\u041b\u043e\u0440\u0435\u043c \u0438\u043f\u0441\u0443\u043c</h3>\r\n\r\n<ul>\r\n<li>dolor sit amet</li>\r\n<li>consectetur adipiscing elit</li>\r\n<li>\u0435\u0443 \u043d\u0430\u043c \u043f\u043e\u0440\u0440\u043e \u043d\u043e\u043c\u0438\u043d\u0430\u0442\u0438 \u0446\u043e\u0442\u0438\u0434\u0438\u0435\u044f\u0443\u0435</li>\r\n<li>\u0434\u043e\u043b\u043e\u0440\u0435\u043c \u043e\u0446\u0443\u0440\u0440\u0435\u0440\u0435\u0442 \u0446\u0443</li>\r\n</ul>\r\n\r\n<h3>\u041b\u043e\u0440\u0435\u043c \u0438\u043f\u0441\u0443\u043c</h3>\r\n\r\n<p>Lorem ipsum dolor sit amet, consectetur adipiscing elit, sed do eiusmod tempor incididunt ut labore et dolore magna aliqua. Ut enim ad minim veniam, quis nostrud exercitation ullamco laboris nisi ut aliquip ex ea commodo consequat.</p>", "price": "50990.00", "stock": 5, "available": true, "created": "2023-01-15T10:03:05.874Z", "updated": "2023-01-17T18:25:50.507Z", "manufacturer": "Robophone", "limited": true}}, {"model": "app_product.product", "pk": 3, "fields": {"category": 6, "vendor": 1, "name": "Robophone RX-12", "description": "<h2>\u041b\u043e\u0440\u0435\u043c \u0438\u043f\u0441\u0443\u043c</h2>\r\n\r\n<h3>\u041b\u043e\u0440\u0435\u043c \u0438\u043f\u0441\u0443\u043c</h3>\r\n\r\n<p>\u041b\u043e\u0440\u0435\u043c \u0438\u043f\u0441\u0443\u043c \u0434\u043e\u043b\u043e\u0440 \u0441\u0438\u0442 \u0430\u043c\u0435\u0442, \u044f\u0443\u0430\u0441 \u0434\u0435\u043b\u0435\u043d\u0438\u0442\u0438 \u043b\u0435\u0433\u0435\u043d\u0434\u043e\u0441 \u0435\u0445 \u0435\u043e\u0441, \u0435\u0443 \u043d\u0430\u043c \u043f\u043e\u0440\u0440\u043e \u043d\u043e\u043c\u0438\u043d\u0430\u0442\u0438 \u0446\u043e\u0442\u0438\u0434\u0438\u0435\u044f\u0443\u0435. \u0410\u0434 \u0444\u0435\u0440\u0440\u0438 \u0434\u043e\u043b\u043e\u0440\u0435\u043c \u043d\u0430\u043c, \u0438\u043d \u0432\u0438\u0441 \u0435\u0440\u0430\u0442 \u044f\u0443\u0438\u0434\u0430\u043c \u043d\u0435\u043c\u043e\u0440\u0435. \u0415\u0430 \u0445\u0438\u0441 \u0432\u0438\u0434\u0435 \u044f\u0443\u0430\u0435\u044f\u0443\u0435 \u0435\u0445\u043f\u0435\u0442\u0435\u043d\u0434\u0430, \u043c\u0430\u0438\u043e\u0440\u0443\u043c \u0438\u043d\u0441\u043e\u043b\u0435\u043d\u0441 \u0441\u0438\u0442 \u0435\u0438. \u0415\u0430\u043c \u0432\u0438\u0434\u0435 \u0430\u043f\u043f\u0435\u0442\u0435\u0440\u0435 \u043d\u043e, \u0435\u0443\u043c \u0438\u043d\u0432\u0438\u0434\u0443\u043d\u0442 \u0434\u0438\u0441\u043f\u0443\u0442\u0430\u043d\u0434\u043e \u0446\u0443. \u0415\u0430\u043c \u0442\u0435 \u0441\u0430\u043f\u0435\u0440\u0435\u0442 \u0435\u0445\u043f\u0435\u0442\u0435\u043d\u0434\u0430 \u0438\u043c\u043f\u0435\u0440\u0434\u0438\u0435\u0442, \u044f\u0443\u043e \u0435\u0440\u0438\u043f\u0443\u0438\u0442 \u0434\u043e\u043b\u043e\u0440\u0435\u043c \u043e\u0446\u0443\u0440\u0440\u0435\u0440\u0435\u0442 \u0446\u0443, \u0432\u0438\u043c \u0444\u0435\u0440\u0440\u0438 \u0438\u0440\u0438\u0443\u0440\u0435 \u0435\u0440\u0443\u0434\u0438\u0442\u0438 \u0435\u0430. \u0415\u0438 \u0432\u0435\u0440\u0438 \u0444\u0443\u0433\u0438\u0442 \u0438\u0443\u0441\u0442\u043e \u0445\u0430\u0441, \u043e\u043c\u043d\u0435\u0441 \u043d\u043e\u0441\u0442\u0440\u0443\u0434 \u043f\u0435\u0440 \u0435\u0438.</p>\r\n\r\n<h3>\u041b\u043e\u0440\u0435\u043c \u0438\u043f\u0441\u0443\u043c</h3>\r\n\r\n<ul>\r\n<li>dolor sit amet</li>\r\n<li>consectetur adipiscing elit</li>\r\n<li>\u0435\u0443 \u043d\u0430\u043c \u043f\u043e\u0440\u0440\u043e \u043d\u043e\u043c\u0438\u043d\u0430\u0442\u0438 \u0446\u043e\u0442\u0438\u0434\u0438\u0435\u044f\u0443\u0435</li>\r\n<li>\u0434\u043e\u043b\u043e\u0440\u0435\u043c \u043e\u0446\u0443\u0440\u0440\u0435\u0440\u0435\u0442 \u0446\u0443</li>\r\n</ul>\r\n\r\n<h3>\u041b\u043e\u0440\u0435\u043c \u0438\u043f\u0441\u0443\u043c</h3>\r\n\r\n<p>Lorem ipsum dolor sit amet, consectetur adipiscing elit, sed do eiusmod tempor incididunt ut labore et dolore magna aliqua. Ut enim ad minim veniam, quis nostrud exercitation ullamco laboris nisi ut aliquip ex ea commodo consequat.</p>", "price": "99990.00", "stock": 15, "available": true, "created": "2023-01-15T10:08:29.182Z", "updated": "2023-01-17T18:26:24.485Z", "manufacturer": "Robophone", "limited": false}}, {"model": "app_product.product", "pk": 4, "fields": {"category": 6, "vendor": 2, "name": "Fake-Robophone RX-10", "description": "<h2>\u041b\u043e\u0440\u0435\u043c \u0438\u043f\u0441\u0443\u043c</h2>\r\n\r\n<h3>\u041b\u043e\u0440\u0435\u043c \u0438\u043f\u0441\u0443\u043c</h3>\r\n\r\n<p>\u041b\u043e\u0440\u0435\u043c \u0438\u043f\u0441\u0443\u043c \u0434\u043e\u043b\u043e\u0440 \u0441\u0438\u0442 \u0430\u043c\u0435\u0442, \u044f\u0443\u0430\u0441 \u0434\u0435\u043b\u0435\u043d\u0438\u0442\u0438 \u043b\u0435\u0433\u0435\u043d\u0434\u043e\u0441 \u0435\u0445 \u0435\u043e\u0441, \u0435\u0443 \u043d\u0430\u043c \u043f\u043e\u0440\u0440\u043e \u043d\u043e\u043c\u0438\u043d\u0430\u0442\u0438 \u0446\u043e\u0442\u0438\u0434\u0438\u0435\u044f\u0443\u0435. \u0410\u0434 \u0444\u0435\u0440\u0440\u0438 \u0434\u043e\u043b\u043e\u0440\u0435\u043c \u043d\u0430\u043c, \u0438\u043d \u0432\u0438\u0441 \u0435\u0440\u0430\u0442 \u044f\u0443\u0438\u0434\u0430\u043c \u043d\u0435\u043c\u043e\u0440\u0435. \u0415\u0430 \u0445\u0438\u0441 \u0432\u0438\u0434\u0435 \u044f\u0443\u0430\u0435\u044f\u0443\u0435 \u0435\u0445\u043f\u0435\u0442\u0435\u043d\u0434\u0430, \u043c\u0430\u0438\u043e\u0440\u0443\u043c \u0438\u043d\u0441\u043e\u043b\u0435\u043d\u0441 \u0441\u0438\u0442 \u0435\u0438. \u0415\u0430\u043c \u0432\u0438\u0434\u0435 \u0430\u043f\u043f\u0435\u0442\u0435\u0440\u0435 \u043d\u043e, \u0435\u0443\u043c \u0438\u043d\u0432\u0438\u0434\u0443\u043d\u0442 \u0434\u0438\u0441\u043f\u0443\u0442\u0430\u043d\u0434\u043e \u0446\u0443. \u0415\u0430\u043c \u0442\u0435 \u0441\u0430\u043f\u0435\u0440\u0435\u0442 \u0435\u0445\u043f\u0435\u0442\u0435\u043d\u0434\u0430 \u0438\u043c\u043f\u0435\u0440\u0434\u0438\u0435\u0442, \u044f\u0443\u043e \u0435\u0440\u0438\u043f\u0443\u0438\u0442 \u0434\u043e\u043b\u043e\u0440\u0435\u043c \u043e\u0446\u0443\u0440\u0440\u0435\u0440\u0435\u0442 \u0446\u0443, \u0432\u0438\u043c \u0444\u0435\u0440\u0440\u0438 \u0438\u0440\u0438\u0443\u0440\u0435 \u0435\u0440\u0443\u0434\u0438\u0442\u0438 \u0435\u0430. \u0415\u0438 \u0432\u0435\u0440\u0438 \u0444\u0443\u0433\u0438\u0442 \u0438\u0443\u0441\u0442\u043e \u0445\u0430\u0441, \u043e\u043c\u043d\u0435\u0441 \u043d\u043e\u0441\u0442\u0440\u0443\u0434 \u043f\u0435\u0440 \u0435\u0438.</p>\r\n\r\n<h3>\u041b\u043e\u0440\u0435\u043c \u0438\u043f\u0441\u0443\u043c</h3>\r\n\r\n<ul>\r\n<li>dolor sit amet</li>\r\n<li>consectetur adipiscing elit</li>\r\n<li>\u0435\u0443 \u043d\u0430\u043c \u043f\u043e\u0440\u0440\u043e \u043d\u043e\u043c\u0438\u043d\u0430\u0442\u0438 \u0446\u043e\u0442\u0438\u0434\u0438\u0435\u044f\u0443\u0435</li>\r\n<li>\u0434\u043e\u043b\u043e\u0440\u0435\u043c \u043e\u0446\u0443\u0440\u0440\u0435\u0440\u0435\u0442 \u0446\u0443</li>\r\n</ul>\r\n\r\n<h3>\u041b\u043e\u0440\u0435\u043c \u0438\u043f\u0441\u0443\u043c</h3>\r\n\r\n<p>Lorem ipsum dolor sit amet, consectetur adipiscing elit, sed do eiusmod tempor incididunt ut labore et dolore magna aliqua. Ut enim ad minim veniam, quis nostrud exercitation ullamco laboris nisi ut aliquip ex ea commodo consequat.</p>", "price": "9990.00", "stock": 5, "available": true, "created": "2023-01-15T10:12:05.417Z", "updated": "2023-01-17T18:26:52.915Z", "manufacturer": "Fake-Robophone", "limited": true}}, {"model": "app_product.product", "pk": 5, "fields": {"category": 7, "vendor": 3, "name": "Robotablet RX-10", "description": "<h2>\u041b\u043e\u0440\u0435\u043c \u0438\u043f\u0441\u0443\u043c</h2>\r\n\r\n<h3>\u041b\u043e\u0440\u0435\u043c \u0438\u043f\u0441\u0443\u043c</h3>\r\n\r\n<p>\u041b\u043e\u0440\u0435\u043c \u0438\u043f\u0441\u0443\u043c \u0434\u043e\u043b\u043e\u0440 \u0441\u0438\u0442 \u0430\u043c\u0435\u0442, \u044f\u0443\u0430\u0441 \u0434\u0435\u043b\u0435\u043d\u0438\u0442\u0438 \u043b\u0435\u0433\u0435\u043d\u0434\u043e\u0441 \u0435\u0445 \u0435\u043e\u0441, \u0435\u0443 \u043d\u0430\u043c \u043f\u043e\u0440\u0440\u043e \u043d\u043e\u043c\u0438\u043d\u0430\u0442\u0438 \u0446\u043e\u0442\u0438\u0434\u0438\u0435\u044f\u0443\u0435. \u0410\u0434 \u0444\u0435\u0440\u0440\u0438 \u0434\u043e\u043b\u043e\u0440\u0435\u043c \u043d\u0430\u043c, \u0438\u043d \u0432\u0438\u0441 \u0435\u0440\u0430\u0442 \u044f\u0443\u0438\u0434\u0430\u043c \u043d\u0435\u043c\u043e\u0440\u0435. \u0415\u0430 \u0445\u0438\u0441 \u0432\u0438\u0434\u0435 \u044f\u0443\u0430\u0435\u044f\u0443\u0435 \u0435\u0445\u043f\u0435\u0442\u0435\u043d\u0434\u0430, \u043c\u0430\u0438\u043e\u0440\u0443\u043c \u0438\u043d\u0441\u043e\u043b\u0435\u043d\u0441 \u0441\u0438\u0442 \u0435\u0438. \u0415\u0430\u043c \u0432\u0438\u0434\u0435 \u0430\u043f\u043f\u0435\u0442\u0435\u0440\u0435 \u043d\u043e, \u0435\u0443\u043c \u0438\u043d\u0432\u0438\u0434\u0443\u043d\u0442 \u0434\u0438\u0441\u043f\u0443\u0442\u0430\u043d\u0434\u043e \u0446\u0443. \u0415\u0430\u043c \u0442\u0435 \u0441\u0430\u043f\u0435\u0440\u0435\u0442 \u0435\u0445\u043f\u0435\u0442\u0435\u043d\u0434\u0430 \u0438\u043c\u043f\u0435\u0440\u0434\u0438\u0435\u0442, \u044f\u0443\u043e \u0435\u0440\u0438\u043f\u0443\u0438\u0442 \u0434\u043e\u043b\u043e\u0440\u0435\u043c \u043e\u0446\u0443\u0440\u0440\u0435\u0440\u0435\u0442 \u0446\u0443, \u0432\u0438\u043c \u0444\u0435\u0440\u0440\u0438 \u0438\u0440\u0438\u0443\u0440\u0435 \u0435\u0440\u0443\u0434\u0438\u0442\u0438 \u0435\u0430. \u0415\u0438 \u0432\u0435\u0440\u0438 \u0444\u0443\u0433\u0438\u0442 \u0438\u0443\u0441\u0442\u043e \u0445\u0430\u0441, \u043e\u043c\u043d\u0435\u0441 \u043d\u043e\u0441\u0442\u0440\u0443\u0434 \u043f\u0435\u0440 \u0435\u0438.</p>\r\n\r\n<h3>\u041b\u043e\u0440\u0435\u043c \u0438\u043f\u0441\u0443\u043c</h3>\r\n\r\n<ul>\r\n<li>dolor sit amet</li>\r\n<li>consectetur adipiscing elit</li>\r\n<li>\u0435\u0443 \u043d\u0430\u043c \u043f\u043e\u0440\u0440\u043e \u043d\u043e\u043c\u0438\u043d\u0430\u0442\u0438 \u0446\u043e\u0442\u0438\u0434\u0438\u0435\u044f\u0443\u0435</li>\r\n<li>\u0434\u043e\u043b\u043e\u0440\u0435\u043c \u043e\u0446\u0443\u0440\u0440\u0435\u0440\u0435\u0442 \u0446\u0443</li>\r\n</ul>\r\n\r\n<h3>\u041b\u043e\u0440\u0435\u043c \u0438\u043f\u0441\u0443\u043c</h3>\r\n\r\n<p>Lorem ipsum dolor sit amet, consectetur adipiscing elit, sed do eiusmod tempor incididunt ut labore et dolore magna aliqua. Ut enim ad minim veniam, quis nostrud exercitation ullamco laboris nisi ut aliquip ex ea commodo consequat.</p>", "price": "33500.00", "stock": 3, "available": true, "created": "2023-01-15T10:20:34.037Z", "updated": "2023-01-17T18:27:32.354Z", "manufacturer": "Robophone", "limited": true}}, {"model": "app_product.product", "pk": 6, "fields": {"category": 7, "vendor": 1, "name": "Robotablet RX-11", "description": "<h2>\u041b\u043e\u0440\u0435\u043c \u0438\u043f\u0441\u0443\u043c</h2>\r\n\r\n<h3>\u041b\u043e\u0440\u0435\u043c \u0438\u043f\u0441\u0443\u043c</h3>\r\n\r\n<p>\u041b\u043e\u0440\u0435\u043c \u0438\u043f\u0441\u0443\u043c \u0434\u043e\u043b\u043e\u0440 \u0441\u0438\u0442 \u0430\u043c\u0435\u0442, \u044f\u0443\u0430\u0441 \u0434\u0435\u043b\u0435\u043d\u0438\u0442\u0438 \u043b\u0435\u0433\u0435\u043d\u0434\u043e\u0441 \u0435\u0445 \u0435\u043e\u0441, \u0435\u0443 \u043d\u0430\u043c \u043f\u043e\u0440\u0440\u043e \u043d\u043e\u043c\u0438\u043d\u0430\u0442\u0438 \u0446\u043e\u0442\u0438\u0434\u0438\u0435\u044f\u0443\u0435. \u0410\u0434 \u0444\u0435\u0440\u0440\u0438 \u0434\u043e\u043b\u043e\u0440\u0435\u043c \u043d\u0430\u043c, \u0438\u043d \u0432\u0438\u0441 \u0435\u0440\u0430\u0442 \u044f\u0443\u0438\u0434\u0430\u043c \u043d\u0435\u043c\u043e\u0440\u0435. \u0415\u0430 \u0445\u0438\u0441 \u0432\u0438\u0434\u0435 \u044f\u0443\u0430\u0435\u044f\u0443\u0435 \u0435\u0445\u043f\u0435\u0442\u0435\u043d\u0434\u0430, \u043c\u0430\u0438\u043e\u0440\u0443\u043c \u0438\u043d\u0441\u043e\u043b\u0435\u043d\u0441 \u0441\u0438\u0442 \u0435\u0438. \u0415\u0430\u043c \u0432\u0438\u0434\u0435 \u0430\u043f\u043f\u0435\u0442\u0435\u0440\u0435 \u043d\u043e, \u0435\u0443\u043c \u0438\u043d\u0432\u0438\u0434\u0443\u043d\u0442 \u0434\u0438\u0441\u043f\u0443\u0442\u0430\u043d\u0434\u043e \u0446\u0443. \u0415\u0430\u043c \u0442\u0435 \u0441\u0430\u043f\u0435\u0440\u0435\u0442 \u0435\u0445\u043f\u0435\u0442\u0435\u043d\u0434\u0430 \u0438\u043c\u043f\u0435\u0440\u0434\u0438\u0435\u0442, \u044f\u0443\u043e \u0435\u0440\u0438\u043f\u0443\u0438\u0442 \u0434\u043e\u043b\u043e\u0440\u0435\u043c \u043e\u0446\u0443\u0440\u0440\u0435\u0440\u0435\u0442 \u0446\u0443, \u0432\u0438\u043c \u0444\u0435\u0440\u0440\u0438 \u0438\u0440\u0438\u0443\u0440\u0435 \u0435\u0440\u0443\u0434\u0438\u0442\u0438 \u0435\u0430. \u0415\u0438 \u0432\u0435\u0440\u0438 \u0444\u0443\u0433\u0438\u0442 \u0438\u0443\u0441\u0442\u043e \u0445\u0430\u0441, \u043e\u043c\u043d\u0435\u0441 \u043d\u043e\u0441\u0442\u0440\u0443\u0434 \u043f\u0435\u0440 \u0435\u0438.</p>\r\n\r\n<h3>\u041b\u043e\u0440\u0435\u043c \u0438\u043f\u0441\u0443\u043c</h3>\r\n\r\n<ul>\r\n<li>dolor sit amet</li>\r\n<li>consectetur adipiscing elit</li>\r\n<li>\u0435\u0443 \u043d\u0430\u043c \u043f\u043e\u0440\u0440\u043e \u043d\u043e\u043c\u0438\u043d\u0430\u0442\u0438 \u0446\u043e\u0442\u0438\u0434\u0438\u0435\u044f\u0443\u0435</li>\r\n<li>\u0434\u043e\u043b\u043e\u0440\u0435\u043c \u043e\u0446\u0443\u0440\u0440\u0435\u0440\u0435\u0442 \u0446\u0443</li>\r\n</ul>\r\n\r\n<h3>\u041b\u043e\u0440\u0435\u043c \u0438\u043f\u0441\u0443\u043c</h3>\r\n\r\n<p>Lorem ipsum dolor sit amet, consectetur adipiscing elit, sed do eiusmod tempor incididunt ut labore et dolore magna aliqua. Ut enim ad minim veniam, quis nostrud exercitation ullamco laboris nisi ut aliquip ex ea commodo consequat.</p>", "price": "76330.00", "stock": 25, "available": true, "created": "2023-01-15T10:21:49.097Z", "updated": "2023-01-17T18:28:01.388Z", "manufacturer": "Robophone", "limited": false}}, {"model": "app_product.product", "pk": 7, "fields": {"category": 7, "vendor": 1, "name": "Robotablet RX-12", "description": "<h2>\u041b\u043e\u0440\u0435\u043c \u0438\u043f\u0441\u0443\u043c</h2>\r\n\r\n<h3>\u041b\u043e\u0440\u0435\u043c \u0438\u043f\u0441\u0443\u043c</h3>\r\n\r\n<p>\u041b\u043e\u0440\u0435\u043c \u0438\u043f\u0441\u0443\u043c \u0434\u043e\u043b\u043e\u0440 \u0441\u0438\u0442 \u0430\u043c\u0435\u0442, \u044f\u0443\u0430\u0441 \u0434\u0435\u043b\u0435\u043d\u0438\u0442\u0438 \u043b\u0435\u0433\u0435\u043d\u0434\u043e\u0441 \u0435\u0445 \u0435\u043e\u0441, \u0435\u0443 \u043d\u0430\u043c \u043f\u043e\u0440\u0440\u043e \u043d\u043e\u043c\u0438\u043d\u0430\u0442\u0438 \u0446\u043e\u0442\u0438\u0434\u0438\u0435\u044f\u0443\u0435. \u0410\u0434 \u0444\u0435\u0440\u0440\u0438 \u0434\u043e\u043b\u043e\u0440\u0435\u043c \u043d\u0430\u043c, \u0438\u043d \u0432\u0438\u0441 \u0435\u0440\u0430\u0442 \u044f\u0443\u0438\u0434\u0430\u043c \u043d\u0435\u043c\u043e\u0440\u0435. \u0415\u0430 \u0445\u0438\u0441 \u0432\u0438\u0434\u0435 \u044f\u0443\u0430\u0435\u044f\u0443\u0435 \u0435\u0445\u043f\u0435\u0442\u0435\u043d\u0434\u0430, \u043c\u0430\u0438\u043e\u0440\u0443\u043c \u0438\u043d\u0441\u043e\u043b\u0435\u043d\u0441 \u0441\u0438\u0442 \u0435\u0438. \u0415\u0430\u043c \u0432\u0438\u0434\u0435 \u0430\u043f\u043f\u0435\u0442\u0435\u0440\u0435 \u043d\u043e, \u0435\u0443\u043c \u0438\u043d\u0432\u0438\u0434\u0443\u043d\u0442 \u0434\u0438\u0441\u043f\u0443\u0442\u0430\u043d\u0434\u043e \u0446\u0443. \u0415\u0430\u043c \u0442\u0435 \u0441\u0430\u043f\u0435\u0440\u0435\u0442 \u0435\u0445\u043f\u0435\u0442\u0435\u043d\u0434\u0430 \u0438\u043c\u043f\u0435\u0440\u0434\u0438\u0435\u0442, \u044f\u0443\u043e \u0435\u0440\u0438\u043f\u0443\u0438\u0442 \u0434\u043e\u043b\u043e\u0440\u0435\u043c \u043e\u0446\u0443\u0440\u0440\u0435\u0440\u0435\u0442 \u0446\u0443, \u0432\u0438\u043c \u0444\u0435\u0440\u0440\u0438 \u0438\u0440\u0438\u0443\u0440\u0435 \u0435\u0440\u0443\u0434\u0438\u0442\u0438 \u0435\u0430. \u0415\u0438 \u0432\u0435\u0440\u0438 \u0444\u0443\u0433\u0438\u0442 \u0438\u0443\u0441\u0442\u043e \u0445\u0430\u0441, \u043e\u043c\u043d\u0435\u0441 \u043d\u043e\u0441\u0442\u0440\u0443\u0434 \u043f\u0435\u0440 \u0435\u0438.</p>\r\n\r\n<h3>\u041b\u043e\u0440\u0435\u043c \u0438\u043f\u0441\u0443\u043c</h3>\r\n\r\n<ul>\r\n<li>dolor sit amet</li>\r\n<li>consectetur adipiscing elit</li>\r\n<li>\u0435\u0443 \u043d\u0430\u043c \u043f\u043e\u0440\u0440\u043e \u043d\u043e\u043c\u0438\u043d\u0430\u0442\u0438 \u0446\u043e\u0442\u0438\u0434\u0438\u0435\u044f\u0443\u0435</li>\r\n<li>\u0434\u043e\u043b\u043e\u0440\u0435\u043c \u043e\u0446\u0443\u0440\u0440\u0435\u0440\u0435\u0442 \u0446\u0443</li>\r\n</ul>\r\n\r\n<h3>\u041b\u043e\u0440\u0435\u043c \u0438\u043f\u0441\u0443\u043c</h3>\r\n\r\n<p>Lorem ipsum dolor sit amet, consectetur adipiscing elit, sed do eiusmod tempor incididunt ut labore et dolore magna aliqua. Ut enim ad minim veniam, quis nostrud exercitation ullamco laboris nisi ut aliquip ex ea commodo consequat.</p>", "price": "112000.00", "stock": 28, "available": true, "created": "2023-01-15T10:23:35.701Z", "updated": "2023-01-17T18:28:37.912Z", "manufacturer": "Robophone", "limited": false}}, {"model": "app_product.product", "pk": 8, "fields": {"category": 7, "vendor": 2, "name": "Fake-Robotablet RX-12", "description": "<h2>\u041b\u043e\u0440\u0435\u043c \u0438\u043f\u0441\u0443\u043c</h2>\r\n\r\n<h3>\u041b\u043e\u0440\u0435\u043c \u0438\u043f\u0441\u0443\u043c</h3>\r\n\r\n<p>\u041b\u043e\u0440\u0435\u043c \u0438\u043f\u0441\u0443\u043c \u0434\u043e\u043b\u043e\u0440 \u0441\u0438\u0442 \u0430\u043c\u0435\u0442, \u044f\u0443\u0430\u0441 \u0434\u0435\u043b\u0435\u043d\u0438\u0442\u0438 \u043b\u0435\u0433\u0435\u043d\u0434\u043e\u0441 \u0435\u0445 \u0435\u043e\u0441, \u0435\u0443 \u043d\u0430\u043c \u043f\u043e\u0440\u0440\u043e \u043d\u043e\u043c\u0438\u043d\u0430\u0442\u0438 \u0446\u043e\u0442\u0438\u0434\u0438\u0435\u044f\u0443\u0435. \u0410\u0434 \u0444\u0435\u0440\u0440\u0438 \u0434\u043e\u043b\u043e\u0440\u0435\u043c \u043d\u0430\u043c, \u0438\u043d \u0432\u0438\u0441 \u0435\u0440\u0430\u0442 \u044f\u0443\u0438\u0434\u0430\u043c \u043d\u0435\u043c\u043e\u0440\u0435. \u0415\u0430 \u0445\u0438\u0441 \u0432\u0438\u0434\u0435 \u044f\u0443\u0430\u0435\u044f\u0443\u0435 \u0435\u0445\u043f\u0435\u0442\u0435\u043d\u0434\u0430, \u043c\u0430\u0438\u043e\u0440\u0443\u043c \u0438\u043d\u0441\u043e\u043b\u0435\u043d\u0441 \u0441\u0438\u0442 \u0435\u0438. \u0415\u0430\u043c \u0432\u0438\u0434\u0435 \u0430\u043f\u043f\u0435\u0442\u0435\u0440\u0435 \u043d\u043e, \u0435\u0443\u043c \u0438\u043d\u0432\u0438\u0434\u0443\u043d\u0442 \u0434\u0438\u0441\u043f\u0443\u0442\u0430\u043d\u0434\u043e \u0446\u0443. \u0415\u0430\u043c \u0442\u0435 \u0441\u0430\u043f\u0435\u0440\u0435\u0442 \u0435\u0445\u043f\u0435\u0442\u0435\u043d\u0434\u0430 \u0438\u043c\u043f\u0435\u0440\u0434\u0438\u0435\u0442, \u044f\u0443\u043e \u0435\u0440\u0438\u043f\u0443\u0438\u0442 \u0434\u043e\u043b\u043e\u0440\u0435\u043c \u043e\u0446\u0443\u0440\u0440\u0435\u0440\u0435\u0442 \u0446\u0443, \u0432\u0438\u043c \u0444\u0435\u0440\u0440\u0438 \u0438\u0440\u0438\u0443\u0440\u0435 \u0435\u0440\u0443\u0434\u0438\u0442\u0438 \u0435\u0430. \u0415\u0438 \u0432\u0435\u0440\u0438 \u0444\u0443\u0433\u0438\u0442 \u0438\u0443\u0441\u0442\u043e \u0445\u0430\u0441, \u043e\u043c\u043d\u0435\u0441 \u043d\u043e\u0441\u0442\u0440\u0443\u0434 \u043f\u0435\u0440 \u0435\u0438.</p>\r\n\r\n<h3>\u041b\u043e\u0440\u0435\u043c \u0438\u043f\u0441\u0443\u043c</h3>\r\n\r\n<ul>\r\n<li>dolor sit amet</li>\r\n<li>consectetur adipiscing elit</li>\r\n<li>\u0435\u0443 \u043d\u0430\u043c \u043f\u043e\u0440\u0440\u043e \u043d\u043e\u043c\u0438\u043d\u0430\u0442\u0438 \u0446\u043e\u0442\u0438\u0434\u0438\u0435\u044f\u0443\u0435</li>\r\n<li>\u0434\u043e\u043b\u043e\u0440\u0435\u043c \u043e\u0446\u0443\u0440\u0440\u0435\u0440\u0435\u0442 \u0446\u0443</li>\r\n</ul>\r\n\r\n<h3>\u041b\u043e\u0440\u0435\u043c \u0438\u043f\u0441\u0443\u043c</h3>\r\n\r\n<p>Lorem ipsum dolor sit amet, consectetur adipiscing elit, sed do eiusmod tempor incididunt ut labore et dolore magna aliqua. Ut enim ad minim veniam, quis nostrud exercitation ullamco laboris nisi ut aliquip ex ea commodo consequat.</p>", "price": "13990.00", "stock": 4, "available": true, "created": "2023-01-15T10:25:00.465Z", "updated": "2023-01-17T18:29:10.062Z", "manufacturer": "Fake-Robophone", "limited": true}}, {"model": "app_product.product", "pk": 9, "fields": {"category": 11, "vendor": 3, "name": "Robobyke RX-10", "description": "<h2>\u041b\u043e\u0440\u0435\u043c \u0438\u043f\u0441\u0443\u043c</h2>\r\n\r\n<h3>\u041b\u043e\u0440\u0435\u043c \u0438\u043f\u0441\u0443\u043c</h3>\r\n\r\n<p>\u041b\u043e\u0440\u0435\u043c \u0438\u043f\u0441\u0443\u043c \u0434\u043e\u043b\u043e\u0440 \u0441\u0438\u0442 \u0430\u043c\u0435\u0442, \u044f\u0443\u0430\u0441 \u0434\u0435\u043b\u0435\u043d\u0438\u0442\u0438 \u043b\u0435\u0433\u0435\u043d\u0434\u043e\u0441 \u0435\u0445 \u0435\u043e\u0441, \u0435\u0443 \u043d\u0430\u043c \u043f\u043e\u0440\u0440\u043e \u043d\u043e\u043c\u0438\u043d\u0430\u0442\u0438 \u0446\u043e\u0442\u0438\u0434\u0438\u0435\u044f\u0443\u0435. \u0410\u0434 \u0444\u0435\u0440\u0440\u0438 \u0434\u043e\u043b\u043e\u0440\u0435\u043c \u043d\u0430\u043c, \u0438\u043d \u0432\u0438\u0441 \u0435\u0440\u0430\u0442 \u044f\u0443\u0438\u0434\u0430\u043c \u043d\u0435\u043c\u043e\u0440\u0435. \u0415\u0430 \u0445\u0438\u0441 \u0432\u0438\u0434\u0435 \u044f\u0443\u0430\u0435\u044f\u0443\u0435 \u0435\u0445\u043f\u0435\u0442\u0435\u043d\u0434\u0430, \u043c\u0430\u0438\u043e\u0440\u0443\u043c \u0438\u043d\u0441\u043e\u043b\u0435\u043d\u0441 \u0441\u0438\u0442 \u0435\u0438. \u0415\u0430\u043c \u0432\u0438\u0434\u0435 \u0430\u043f\u043f\u0435\u0442\u0435\u0440\u0435 \u043d\u043e, \u0435\u0443\u043c \u0438\u043d\u0432\u0438\u0434\u0443\u043d\u0442 \u0434\u0438\u0441\u043f\u0443\u0442\u0430\u043d\u0434\u043e \u0446\u0443. \u0415\u0430\u043c \u0442\u0435 \u0441\u0430\u043f\u0435\u0440\u0435\u0442 \u0435\u0445\u043f\u0435\u0442\u0435\u043d\u0434\u0430 \u0438\u043c\u043f\u0435\u0440\u0434\u0438\u0435\u0442, \u044f\u0443\u043e \u0435\u0440\u0438\u043f\u0443\u0438\u0442 \u0434\u043e\u043b\u043e\u0440\u0435\u043c \u043e\u0446\u0443\u0440\u0440\u0435\u0440\u0435\u0442 \u0446\u0443, \u0432\u0438\u043c \u0444\u0435\u0440\u0440\u0438 \u0438\u0440\u0438\u0443\u0440\u0435 \u0435\u0440\u0443\u0434\u0438\u0442\u0438 \u0435\u0430. \u0415\u0438 \u0432\u0435\u0440\u0438 \u0444\u0443\u0433\u0438\u0442 \u0438\u0443\u0441\u0442\u043e \u0445\u0430\u0441, \u043e\u043c\u043d\u0435\u0441 \u043d\u043e\u0441\u0442\u0440\u0443\u0434 \u043f\u0435\u0440 \u0435\u0438.</p>\r\n\r\n<h3>\u041b\u043e\u0440\u0435\u043c \u0438\u043f\u0441\u0443\u043c</h3>\r\n\r\n<ul>\r\n<li>dolor sit amet</li>\r\n<li>consectetur adipiscing elit</li>\r\n<li>\u0435\u0443 \u043d\u0430\u043c \u043f\u043e\u0440\u0440\u043e \u043d\u043e\u043c\u0438\u043d\u0430\u0442\u0438 \u0446\u043e\u0442\u0438\u0434\u0438\u0435\u044f\u0443\u0435</li>\r\n<li>\u0434\u043e\u043b\u043e\u0440\u0435\u043c \u043e\u0446\u0443\u0440\u0440\u0435\u0440\u0435\u0442 \u0446\u0443</li>\r\n</ul>\r\n\r\n<h3>\u041b\u043e\u0440\u0435\u043c \u0438\u043f\u0441\u0443\u043c</h3>\r\n\r\n<p>Lorem ipsum dolor sit amet, consectetur adipiscing elit, sed do eiusmod tempor incididunt ut labore et dolore magna aliqua. Ut enim ad minim veniam, quis nostrud exercitation ullamco laboris nisi ut aliquip ex ea commodo consequat.</p>", "price": "60000.00", "stock": 10, "available": true, "created": "2023-01-15T10:31:19.112Z", "updated": "2023-01-17T18:29:57.501Z", "manufacturer": "RoboSport", "limited": true}}, {"model": "app_product.product", "pk": 10, "fields": {"category": 11, "vendor": 3, "name": "Robobyke RX-11", "description": "<h2>\u041b\u043e\u0440\u0435\u043c \u0438\u043f\u0441\u0443\u043c</h2>\r\n\r\n<h3>\u041b\u043e\u0440\u0435\u043c \u0438\u043f\u0441\u0443\u043c</h3>\r\n\r\n<p>\u041b\u043e\u0440\u0435\u043c \u0438\u043f\u0441\u0443\u043c \u0434\u043e\u043b\u043e\u0440 \u0441\u0438\u0442 \u0430\u043c\u0435\u0442, \u044f\u0443\u0430\u0441 \u0434\u0435\u043b\u0435\u043d\u0438\u0442\u0438 \u043b\u0435\u0433\u0435\u043d\u0434\u043e\u0441 \u0435\u0445 \u0435\u043e\u0441, \u0435\u0443 \u043d\u0430\u043c \u043f\u043e\u0440\u0440\u043e \u043d\u043e\u043c\u0438\u043d\u0430\u0442\u0438 \u0446\u043e\u0442\u0438\u0434\u0438\u0435\u044f\u0443\u0435. \u0410\u0434 \u0444\u0435\u0440\u0440\u0438 \u0434\u043e\u043b\u043e\u0440\u0435\u043c \u043d\u0430\u043c, \u0438\u043d \u0432\u0438\u0441 \u0435\u0440\u0430\u0442 \u044f\u0443\u0438\u0434\u0430\u043c \u043d\u0435\u043c\u043e\u0440\u0435. \u0415\u0430 \u0445\u0438\u0441 \u0432\u0438\u0434\u0435 \u044f\u0443\u0430\u0435\u044f\u0443\u0435 \u0435\u0445\u043f\u0435\u0442\u0435\u043d\u0434\u0430, \u043c\u0430\u0438\u043e\u0440\u0443\u043c \u0438\u043d\u0441\u043e\u043b\u0435\u043d\u0441 \u0441\u0438\u0442 \u0435\u0438. \u0415\u0430\u043c \u0432\u0438\u0434\u0435 \u0430\u043f\u043f\u0435\u0442\u0435\u0440\u0435 \u043d\u043e, \u0435\u0443\u043c \u0438\u043d\u0432\u0438\u0434\u0443\u043d\u0442 \u0434\u0438\u0441\u043f\u0443\u0442\u0430\u043d\u0434\u043e \u0446\u0443. \u0415\u0430\u043c \u0442\u0435 \u0441\u0430\u043f\u0435\u0440\u0435\u0442 \u0435\u0445\u043f\u0435\u0442\u0435\u043d\u0434\u0430 \u0438\u043c\u043f\u0435\u0440\u0434\u0438\u0435\u0442, \u044f\u0443\u043e \u0435\u0440\u0438\u043f\u0443\u0438\u0442 \u0434\u043e\u043b\u043e\u0440\u0435\u043c \u043e\u0446\u0443\u0440\u0440\u0435\u0440\u0435\u0442 \u0446\u0443, \u0432\u0438\u043c \u0444\u0435\u0440\u0440\u0438 \u0438\u0440\u0438\u0443\u0440\u0435 \u0435\u0440\u0443\u0434\u0438\u0442\u0438 \u0435\u0430. \u0415\u0438 \u0432\u0435\u0440\u0438 \u0444\u0443\u0433\u0438\u0442 \u0438\u0443\u0441\u0442\u043e \u0445\u0430\u0441, \u043e\u043c\u043d\u0435\u0441 \u043d\u043e\u0441\u0442\u0440\u0443\u0434 \u043f\u0435\u0440 \u0435\u0438.</p>\r\n\r\n<h3>\u041b\u043e\u0440\u0435\u043c \u0438\u043f\u0441\u0443\u043c</h3>\r\n\r\n<ul>\r\n<li>dolor sit amet</li>\r\n<li>consectetur adipiscing elit</li>\r\n<li>\u0435\u0443 \u043d\u0430\u043c \u043f\u043e\u0440\u0440\u043e \u043d\u043e\u043c\u0438\u043d\u0430\u0442\u0438 \u0446\u043e\u0442\u0438\u0434\u0438\u0435\u044f\u0443\u0435</li>\r\n<li>\u0434\u043e\u043b\u043e\u0440\u0435\u043c \u043e\u0446\u0443\u0440\u0440\u0435\u0440\u0435\u0442 \u0446\u0443</li>\r\n</ul>\r\n\r\n<h3>\u041b\u043e\u0440\u0435\u043c \u0438\u043f\u0441\u0443\u043c</h3>\r\n\r\n<p>Lorem ipsum dolor sit amet, consectetur adipiscing elit, sed do eiusmod tempor incididunt ut labore et dolore magna aliqua. Ut enim ad minim veniam, quis nostrud exercitation ullamco laboris nisi ut aliquip ex ea commodo consequat.</p>", "price": "88550.00", "stock": 50, "available": true, "created": "2023-01-15T10:32:34.691Z", "updated": "2023-01-17T18:30:21.363Z", "manufacturer": "RoboSport", "limited": false}}, {"model": "app_product.product", "pk": 11, "fields": {"category": 11, "vendor": 1, "name": "Robobyke RX-12", "description": "<h2>\u041b\u043e\u0440\u0435\u043c \u0438\u043f\u0441\u0443\u043c</h2>\r\n\r\n<h3>\u041b\u043e\u0440\u0435\u043c \u0438\u043f\u0441\u0443\u043c</h3>\r\n\r\n<p>\u041b\u043e\u0440\u0435\u043c \u0438\u043f\u0441\u0443\u043c \u0434\u043e\u043b\u043e\u0440 \u0441\u0438\u0442 \u0430\u043c\u0435\u0442, \u044f\u0443\u0430\u0441 \u0434\u0435\u043b\u0435\u043d\u0438\u0442\u0438 \u043b\u0435\u0433\u0435\u043d\u0434\u043e\u0441 \u0435\u0445 \u0435\u043e\u0441, \u0435\u0443 \u043d\u0430\u043c \u043f\u043e\u0440\u0440\u043e \u043d\u043e\u043c\u0438\u043d\u0430\u0442\u0438 \u0446\u043e\u0442\u0438\u0434\u0438\u0435\u044f\u0443\u0435. \u0410\u0434 \u0444\u0435\u0440\u0440\u0438 \u0434\u043e\u043b\u043e\u0440\u0435\u043c \u043d\u0430\u043c, \u0438\u043d \u0432\u0438\u0441 \u0435\u0440\u0430\u0442 \u044f\u0443\u0438\u0434\u0430\u043c \u043d\u0435\u043c\u043e\u0440\u0435. \u0415\u0430 \u0445\u0438\u0441 \u0432\u0438\u0434\u0435 \u044f\u0443\u0430\u0435\u044f\u0443\u0435 \u0435\u0445\u043f\u0435\u0442\u0435\u043d\u0434\u0430, \u043c\u0430\u0438\u043e\u0440\u0443\u043c \u0438\u043d\u0441\u043e\u043b\u0435\u043d\u0441 \u0441\u0438\u0442 \u0435\u0438. \u0415\u0430\u043c \u0432\u0438\u0434\u0435 \u0430\u043f\u043f\u0435\u0442\u0435\u0440\u0435 \u043d\u043e, \u0435\u0443\u043c \u0438\u043d\u0432\u0438\u0434\u0443\u043d\u0442 \u0434\u0438\u0441\u043f\u0443\u0442\u0430\u043d\u0434\u043e \u0446\u0443. \u0415\u0430\u043c \u0442\u0435 \u0441\u0430\u043f\u0435\u0440\u0435\u0442 \u0435\u0445\u043f\u0435\u0442\u0435\u043d\u0434\u0430 \u0438\u043c\u043f\u0435\u0440\u0434\u0438\u0435\u0442, \u044f\u0443\u043e \u0435\u0440\u0438\u043f\u0443\u0438\u0442 \u0434\u043e\u043b\u043e\u0440\u0435\u043c \u043e\u0446\u0443\u0440\u0440\u0435\u0440\u0435\u0442 \u0446\u0443, \u0432\u0438\u043c \u0444\u0435\u0440\u0440\u0438 \u0438\u0440\u0438\u0443\u0440\u0435 \u0435\u0440\u0443\u0434\u0438\u0442\u0438 \u0435\u0430. \u0415\u0438 \u0432\u0435\u0440\u0438 \u0444\u0443\u0433\u0438\u0442 \u0438\u0443\u0441\u0442\u043e \u0445\u0430\u0441, \u043e\u043c\u043d\u0435\u0441 \u043d\u043e\u0441\u0442\u0440\u0443\u0434 \u043f\u0435\u0440 \u0435\u0438.</p>\r\n\r\n<h3>\u041b\u043e\u0440\u0435\u043c \u0438\u043f\u0441\u0443\u043c</h3>\r\n\r\n<ul>\r\n<li>dolor sit amet</li>\r\n<li>consectetur adipiscing elit</li>\r\n<li>\u0435\u0443 \u043d\u0430\u043c \u043f\u043e\u0440\u0440\u043e \u043d\u043e\u043c\u0438\u043d\u0430\u0442\u0438 \u0446\u043e\u0442\u0438\u0434\u0438\u0435\u044f\u0443\u0435</li>\r\n<li>\u0434\u043e\u043b\u043e\u0440\u0435\u043c \u043e\u0446\u0443\u0440\u0440\u0435\u0440\u0435\u0442 \u0446\u0443</li>\r\n</ul>\r\n\r\n<h3>\u041b\u043e\u0440\u0435\u043c \u0438\u043f\u0441\u0443\u043c</h3>\r\n\r\n<p>Lorem ipsum dolor sit amet, consectetur adipiscing elit, sed do eiusmod tempor incididunt ut labore et dolore magna aliqua. Ut enim ad minim veniam, quis nostrud exercitation ullamco laboris nisi ut aliquip ex ea commodo consequat.</p>", "price": "29990.00", "stock": 53, "available": true, "created": "2023-01-15T10:33:54.632Z", "updated": "2023-01-17T18:30:55.025Z", "manufacturer": "RoboSport", "limited": false}}, {"model": "app_product.product", "pk": 12, "fields": {"category": 11, "vendor": 2, "name": "Fake-Robobyke RX-10", "description": "<h2>\u041b\u043e\u0440\u0435\u043c \u0438\u043f\u0441\u0443\u043c</h2>\r\n\r\n<h3>\u041b\u043e\u0440\u0435\u043c \u0438\u043f\u0441\u0443\u043c</h3>\r\n\r\n<p>\u041b\u043e\u0440\u0435\u043c \u0438\u043f\u0441\u0443\u043c \u0434\u043e\u043b\u043e\u0440 \u0441\u0438\u0442 \u0430\u043c\u0435\u0442, \u044f\u0443\u0430\u0441 \u0434\u0435\u043b\u0435\u043d\u0438\u0442\u0438 \u043b\u0435\u0433\u0435\u043d\u0434\u043e\u0441 \u0435\u0445 \u0435\u043e\u0441, \u0435\u0443 \u043d\u0430\u043c \u043f\u043e\u0440\u0440\u043e \u043d\u043e\u043c\u0438\u043d\u0430\u0442\u0438 \u0446\u043e\u0442\u0438\u0434\u0438\u0435\u044f\u0443\u0435. \u0410\u0434 \u0444\u0435\u0440\u0440\u0438 \u0434\u043e\u043b\u043e\u0440\u0435\u043c \u043d\u0430\u043c, \u0438\u043d \u0432\u0438\u0441 \u0435\u0440\u0430\u0442 \u044f\u0443\u0438\u0434\u0430\u043c \u043d\u0435\u043c\u043e\u0440\u0435. \u0415\u0430 \u0445\u0438\u0441 \u0432\u0438\u0434\u0435 \u044f\u0443\u0430\u0435\u044f\u0443\u0435 \u0435\u0445\u043f\u0435\u0442\u0435\u043d\u0434\u0430, \u043c\u0430\u0438\u043e\u0440\u0443\u043c \u0438\u043d\u0441\u043e\u043b\u0435\u043d\u0441 \u0441\u0438\u0442 \u0435\u0438. \u0415\u0430\u043c \u0432\u0438\u0434\u0435 \u0430\u043f\u043f\u0435\u0442\u0435\u0440\u0435 \u043d\u043e, \u0435\u0443\u043c \u0438\u043d\u0432\u0438\u0434\u0443\u043d\u0442 \u0434\u0438\u0441\u043f\u0443\u0442\u0430\u043d\u0434\u043e \u0446\u0443. \u0415\u0430\u043c \u0442\u0435 \u0441\u0430\u043f\u0435\u0440\u0435\u0442 \u0435\u0445\u043f\u0435\u0442\u0435\u043d\u0434\u0430 \u0438\u043c\u043f\u0435\u0440\u0434\u0438\u0435\u0442, \u044f\u0443\u043e \u0435\u0440\u0438\u043f\u0443\u0438\u0442 \u0434\u043e\u043b\u043e\u0440\u0435\u043c \u043e\u0446\u0443\u0440\u0440\u0435\u0440\u0435\u0442 \u0446\u0443, \u0432\u0438\u043c \u0444\u0435\u0440\u0440\u0438 \u0438\u0440\u0438\u0443\u0440\u0435 \u0435\u0440\u0443\u0434\u0438\u0442\u0438 \u0435\u0430. \u0415\u0438 \u0432\u0435\u0440\u0438 \u0444\u0443\u0433\u0438\u0442 \u0438\u0443\u0441\u0442\u043e \u0445\u0430\u0441, \u043e\u043c\u043d\u0435\u0441 \u043d\u043e\u0441\u0442\u0440\u0443\u0434 \u043f\u0435\u0440 \u0435\u0438.</p>\r\n\r\n<h3>\u041b\u043e\u0440\u0435\u043c \u0438\u043f\u0441\u0443\u043c</h3>\r\n\r\n<ul>\r\n<li>dolor sit amet</li>\r\n<li>consectetur adipiscing elit</li>\r\n<li>\u0435\u0443 \u043d\u0430\u043c \u043f\u043e\u0440\u0440\u043e \u043d\u043e\u043c\u0438\u043d\u0430\u0442\u0438 \u0446\u043e\u0442\u0438\u0434\u0438\u0435\u044f\u0443\u0435</li>\r\n<li>\u0434\u043e\u043b\u043e\u0440\u0435\u043c \u043e\u0446\u0443\u0440\u0440\u0435\u0440\u0435\u0442 \u0446\u0443</li>\r\n</ul>\r\n\r\n<h3>\u041b\u043e\u0440\u0435\u043c \u0438\u043f\u0441\u0443\u043c</h3>\r\n\r\n<p>Lorem ipsum dolor sit amet, consectetur adipiscing elit, sed do eiusmod tempor incididunt ut labore et dolore magna aliqua. Ut enim ad minim veniam, quis nostrud exercitation ullamco laboris nisi ut aliquip ex ea commodo consequat.</p>", "price": "12990.00", "stock": 7, "available": true, "created": "2023-01-15T10:35:17.274Z", "updated": "2023-01-17T18:31:17.357Z", "manufacturer": "Fake-RoboSport", "limited": true}}, {"model": "app_product.product", "pk": 13, "fields": {"category": 2, "vendor": 3, "name": "Robobook RX-10", "description": "<h2>\u041b\u043e\u0440\u0435\u043c \u0438\u043f\u0441\u0443\u043c</h2>\r\n\r\n<h3>\u041b\u043e\u0440\u0435\u043c \u0438\u043f\u0441\u0443\u043c</h3>\r\n\r\n<p>\u041b\u043e\u0440\u0435\u043c \u0438\u043f\u0441\u0443\u043c \u0434\u043e\u043b\u043e\u0440 \u0441\u0438\u0442 \u0430\u043c\u0435\u0442, \u044f\u0443\u0430\u0441 \u0434\u0435\u043b\u0435\u043d\u0438\u0442\u0438 \u043b\u0435\u0433\u0435\u043d\u0434\u043e\u0441 \u0435\u0445 \u0435\u043e\u0441, \u0435\u0443 \u043d\u0430\u043c \u043f\u043e\u0440\u0440\u043e \u043d\u043e\u043c\u0438\u043d\u0430\u0442\u0438 \u0446\u043e\u0442\u0438\u0434\u0438\u0435\u044f\u0443\u0435. \u0410\u0434 \u0444\u0435\u0440\u0440\u0438 \u0434\u043e\u043b\u043e\u0440\u0435\u043c \u043d\u0430\u043c, \u0438\u043d \u0432\u0438\u0441 \u0435\u0440\u0430\u0442 \u044f\u0443\u0438\u0434\u0430\u043c \u043d\u0435\u043c\u043e\u0440\u0435. \u0415\u0430 \u0445\u0438\u0441 \u0432\u0438\u0434\u0435 \u044f\u0443\u0430\u0435\u044f\u0443\u0435 \u0435\u0445\u043f\u0435\u0442\u0435\u043d\u0434\u0430, \u043c\u0430\u0438\u043e\u0440\u0443\u043c \u0438\u043d\u0441\u043e\u043b\u0435\u043d\u0441 \u0441\u0438\u0442 \u0435\u0438. \u0415\u0430\u043c \u0432\u0438\u0434\u0435 \u0430\u043f\u043f\u0435\u0442\u0435\u0440\u0435 \u043d\u043e, \u0435\u0443\u043c \u0438\u043d\u0432\u0438\u0434\u0443\u043d\u0442 \u0434\u0438\u0441\u043f\u0443\u0442\u0430\u043d\u0434\u043e \u0446\u0443. \u0415\u0430\u043c \u0442\u0435 \u0441\u0430\u043f\u0435\u0440\u0435\u0442 \u0435\u0445\u043f\u0435\u0442\u0435\u043d\u0434\u0430 \u0438\u043c\u043f\u0435\u0440\u0434\u0438\u0435\u0442, \u044f\u0443\u043e \u0435\u0440\u0438\u043f\u0443\u0438\u0442 \u0434\u043e\u043b\u043e\u0440\u0435\u043c \u043e\u0446\u0443\u0440\u0440\u0435\u0440\u0435\u0442 \u0446\u0443, \u0432\u0438\u043c \u0444\u0435\u0440\u0440\u0438 \u0438\u0440\u0438\u0443\u0440\u0435 \u0435\u0440\u0443\u0434\u0438\u0442\u0438 \u0435\u0430. \u0415\u0438 \u0432\u0435\u0440\u0438 \u0444\u0443\u0433\u0438\u0442 \u0438\u0443\u0441\u0442\u043e \u0445\u0430\u0441, \u043e\u043c\u043d\u0435\u0441 \u043d\u043e\u0441\u0442\u0440\u0443\u0434 \u043f\u0435\u0440 \u0435\u0438.</p>\r\n\r\n<h3>\u041b\u043e\u0440\u0435\u043c \u0438\u043f\u0441\u0443\u043c</h3>\r\n\r\n<ul>\r\n<li>dolor sit amet</li>\r\n<li>consectetur adipiscing elit</li>\r\n<li>\u0435\u0443 \u043d\u0430\u043c \u043f\u043e\u0440\u0440\u043e \u043d\u043e\u043c\u0438\u043d\u0430\u0442\u0438 \u0446\u043e\u0442\u0438\u0434\u0438\u0435\u044f\u0443\u0435</li>\r\n<li>\u0434\u043e\u043b\u043e\u0440\u0435\u043c \u043e\u0446\u0443\u0440\u0440\u0435\u0440\u0435\u0442 \u0446\u0443</li>\r\n</ul>\r\n\r\n<h3>\u041b\u043e\u0440\u0435\u043c \u0438\u043f\u0441\u0443\u043c</h3>\r\n\r\n<p>Lorem ipsum dolor sit amet, consectetur adipiscing elit, sed do eiusmod tempor incididunt ut labore et dolore magna aliqua. Ut enim ad minim veniam, quis nostrud exercitation ullamco laboris nisi ut aliquip ex ea commodo consequat.</p>", "price": "55000.00", "stock": 18, "available": true, "created": "2023-01-15T12:51:28.183Z", "updated": "2023-01-17T18:31:44.451Z", "manufacturer": "Robobook", "limited": false}}, {"model": "app_product.product", "pk": 14, "fields": {"category": 2, "vendor": 1, "name": "Robobook RX-11", "description": "<h2>\u041b\u043e\u0440\u0435\u043c \u0438\u043f\u0441\u0443\u043c</h2>\r\n\r\n<h3>\u041b\u043e\u0440\u0435\u043c \u0438\u043f\u0441\u0443\u043c</h3>\r\n\r\n<p>\u041b\u043e\u0440\u0435\u043c \u0438\u043f\u0441\u0443\u043c \u0434\u043e\u043b\u043e\u0440 \u0441\u0438\u0442 \u0430\u043c\u0435\u0442, \u044f\u0443\u0430\u0441 \u0434\u0435\u043b\u0435\u043d\u0438\u0442\u0438 \u043b\u0435\u0433\u0435\u043d\u0434\u043e\u0441 \u0435\u0445 \u0435\u043e\u0441, \u0435\u0443 \u043d\u0430\u043c \u043f\u043e\u0440\u0440\u043e \u043d\u043e\u043c\u0438\u043d\u0430\u0442\u0438 \u0446\u043e\u0442\u0438\u0434\u0438\u0435\u044f\u0443\u0435. \u0410\u0434 \u0444\u0435\u0440\u0440\u0438 \u0434\u043e\u043b\u043e\u0440\u0435\u043c \u043d\u0430\u043c, \u0438\u043d \u0432\u0438\u0441 \u0435\u0440\u0430\u0442 \u044f\u0443\u0438\u0434\u0430\u043c \u043d\u0435\u043c\u043e\u0440\u0435. \u0415\u0430 \u0445\u0438\u0441 \u0432\u0438\u0434\u0435 \u044f\u0443\u0430\u0435\u044f\u0443\u0435 \u0435\u0445\u043f\u0435\u0442\u0435\u043d\u0434\u0430, \u043c\u0430\u0438\u043e\u0440\u0443\u043c \u0438\u043d\u0441\u043e\u043b\u0435\u043d\u0441 \u0441\u0438\u0442 \u0435\u0438. \u0415\u0430\u043c \u0432\u0438\u0434\u0435 \u0430\u043f\u043f\u0435\u0442\u0435\u0440\u0435 \u043d\u043e, \u0435\u0443\u043c \u0438\u043d\u0432\u0438\u0434\u0443\u043d\u0442 \u0434\u0438\u0441\u043f\u0443\u0442\u0430\u043d\u0434\u043e \u0446\u0443. \u0415\u0430\u043c \u0442\u0435 \u0441\u0430\u043f\u0435\u0440\u0435\u0442 \u0435\u0445\u043f\u0435\u0442\u0435\u043d\u0434\u0430 \u0438\u043c\u043f\u0435\u0440\u0434\u0438\u0435\u0442, \u044f\u0443\u043e \u0435\u0440\u0438\u043f\u0443\u0438\u0442 \u0434\u043e\u043b\u043e\u0440\u0435\u043c \u043e\u0446\u0443\u0440\u0440\u0435\u0440\u0435\u0442 \u0446\u0443, \u0432\u0438\u043c \u0444\u0435\u0440\u0440\u0438 \u0438\u0440\u0438\u0443\u0440\u0435 \u0435\u0440\u0443\u0434\u0438\u0442\u0438 \u0435\u0430. \u0415\u0438 \u0432\u0435\u0440\u0438 \u0444\u0443\u0433\u0438\u0442 \u0438\u0443\u0441\u0442\u043e \u0445\u0430\u0441, \u043e\u043c\u043d\u0435\u0441 \u043d\u043e\u0441\u0442\u0440\u0443\u0434 \u043f\u0435\u0440 \u0435\u0438.</p>\r\n\r\n<h3>\u041b\u043e\u0440\u0435\u043c \u0438\u043f\u0441\u0443\u043c</h3>\r\n\r\n<ul>\r\n<li>dolor sit amet</li>\r\n<li>consectetur adipiscing elit</li>\r\n<li>\u0435\u0443 \u043d\u0430\u043c \u043f\u043e\u0440\u0440\u043e \u043d\u043e\u043c\u0438\u043d\u0430\u0442\u0438 \u0446\u043e\u0442\u0438\u0434\u0438\u0435\u044f\u0443\u0435</li>\r\n<li>\u0434\u043e\u043b\u043e\u0440\u0435\u043c \u043e\u0446\u0443\u0440\u0440\u0435\u0440\u0435\u0442 \u0446\u0443</li>\r\n</ul>\r\n\r\n<h3>\u041b\u043e\u0440\u0435\u043c \u0438\u043f\u0441\u0443\u043c</h3>\r\n\r\n<p>Lorem ipsum dolor sit amet, consectetur adipiscing elit, sed do eiusmod tempor incididunt ut labore et dolore magna aliqua. Ut enim ad minim veniam, quis nostrud exercitation ullamco laboris nisi ut aliquip ex ea commodo consequat.</p>", "price": "64990.00", "stock": 13, "available": true, "created": "2023-01-15T12:53:21.341Z", "updated": "2023-01-17T18:32:09.373Z", "manufacturer": "Robobook", "limited": true}}, {"model": "app_product.product", "pk": 15, "fields": {"category": 2, "vendor": 1, "name": "Robobook RX-12", "description": "<h2>\u041b\u043e\u0440\u0435\u043c \u0438\u043f\u0441\u0443\u043c</h2>\r\n\r\n<h3>\u041b\u043e\u0440\u0435\u043c \u0438\u043f\u0441\u0443\u043c</h3>\r\n\r\n<p>\u041b\u043e\u0440\u0435\u043c \u0438\u043f\u0441\u0443\u043c \u0434\u043e\u043b\u043e\u0440 \u0441\u0438\u0442 \u0430\u043c\u0435\u0442, \u044f\u0443\u0430\u0441 \u0434\u0435\u043b\u0435\u043d\u0438\u0442\u0438 \u043b\u0435\u0433\u0435\u043d\u0434\u043e\u0441 \u0435\u0445 \u0435\u043e\u0441, \u0435\u0443 \u043d\u0430\u043c \u043f\u043e\u0440\u0440\u043e \u043d\u043e\u043c\u0438\u043d\u0430\u0442\u0438 \u0446\u043e\u0442\u0438\u0434\u0438\u0435\u044f\u0443\u0435. \u0410\u0434 \u0444\u0435\u0440\u0440\u0438 \u0434\u043e\u043b\u043e\u0440\u0435\u043c \u043d\u0430\u043c, \u0438\u043d \u0432\u0438\u0441 \u0435\u0440\u0430\u0442 \u044f\u0443\u0438\u0434\u0430\u043c \u043d\u0435\u043c\u043e\u0440\u0435. \u0415\u0430 \u0445\u0438\u0441 \u0432\u0438\u0434\u0435 \u044f\u0443\u0430\u0435\u044f\u0443\u0435 \u0435\u0445\u043f\u0435\u0442\u0435\u043d\u0434\u0430, \u043c\u0430\u0438\u043e\u0440\u0443\u043c \u0438\u043d\u0441\u043e\u043b\u0435\u043d\u0441 \u0441\u0438\u0442 \u0435\u0438. \u0415\u0430\u043c \u0432\u0438\u0434\u0435 \u0430\u043f\u043f\u0435\u0442\u0435\u0440\u0435 \u043d\u043e, \u0435\u0443\u043c \u0438\u043d\u0432\u0438\u0434\u0443\u043d\u0442 \u0434\u0438\u0441\u043f\u0443\u0442\u0430\u043d\u0434\u043e \u0446\u0443. \u0415\u0430\u043c \u0442\u0435 \u0441\u0430\u043f\u0435\u0440\u0435\u0442 \u0435\u0445\u043f\u0435\u0442\u0435\u043d\u0434\u0430 \u0438\u043c\u043f\u0435\u0440\u0434\u0438\u0435\u0442, \u044f\u0443\u043e \u0435\u0440\u0438\u043f\u0443\u0438\u0442 \u0434\u043e\u043b\u043e\u0440\u0435\u043c \u043e\u0446\u0443\u0440\u0440\u0435\u0440\u0435\u0442 \u0446\u0443, \u0432\u0438\u043c \u0444\u0435\u0440\u0440\u0438 \u0438\u0440\u0438\u0443\u0440\u0435 \u0435\u0440\u0443\u0434\u0438\u0442\u0438 \u0435\u0430. \u0415\u0438 \u0432\u0435\u0440\u0438 \u0444\u0443\u0433\u0438\u0442 \u0438\u0443\u0441\u0442\u043e \u0445\u0430\u0441, \u043e\u043c\u043d\u0435\u0441 \u043d\u043e\u0441\u0442\u0440\u0443\u0434 \u043f\u0435\u0440 \u0435\u0438.</p>\r\n\r\n<h3>\u041b\u043e\u0440\u0435\u043c \u0438\u043f\u0441\u0443\u043c</h3>\r\n\r\n<ul>\r\n<li>dolor sit amet</li>\r\n<li>consectetur adipiscing elit</li>\r\n<li>\u0435\u0443 \u043d\u0430\u043c \u043f\u043e\u0440\u0440\u043e \u043d\u043e\u043c\u0438\u043d\u0430\u0442\u0438 \u0446\u043e\u0442\u0438\u0434\u0438\u0435\u044f\u0443\u0435</li>\r\n<li>\u0434\u043e\u043b\u043e\u0440\u0435\u043c \u043e\u0446\u0443\u0440\u0440\u0435\u0440\u0435\u0442 \u0446\u0443</li>\r\n</ul>\r\n\r\n<h3>\u041b\u043e\u0440\u0435\u043c \u0438\u043f\u0441\u0443\u043c</h3>\r\n\r\n<p>Lorem ipsum dolor sit amet, consectetur adipiscing elit, sed do eiusmod tempor incididunt ut labore et dolore magna aliqua. Ut enim ad minim veniam, quis nostrud exercitation ullamco laboris nisi ut aliquip ex ea commodo consequat.</p>", "price": "46780.00", "stock": 12, "available": true, "created": "2023-01-15T12:54:37.552Z", "updated": "2023-01-17T18:32:43.877Z", "manufacturer": "Robobook", "limited": false}}, {"model": "app_product.product", "pk": 16, "fields": {"category": 2, "vendor": 2, "name": "Robobook RX-11", "description": "<h2>\u041b\u043e\u0440\u0435\u043c \u0438\u043f\u0441\u0443\u043c</h2>\r\n\r\n<h3>\u041b\u043e\u0440\u0435\u043c \u0438\u043f\u0441\u0443\u043c</h3>\r\n\r\n<p>\u041b\u043e\u0440\u0435\u043c \u0438\u043f\u0441\u0443\u043c \u0434\u043e\u043b\u043e\u0440 \u0441\u0438\u0442 \u0430\u043c\u0435\u0442, \u044f\u0443\u0430\u0441 \u0434\u0435\u043b\u0435\u043d\u0438\u0442\u0438 \u043b\u0435\u0433\u0435\u043d\u0434\u043e\u0441 \u0435\u0445 \u0435\u043e\u0441, \u0435\u0443 \u043d\u0430\u043c \u043f\u043e\u0440\u0440\u043e \u043d\u043e\u043c\u0438\u043d\u0430\u0442\u0438 \u0446\u043e\u0442\u0438\u0434\u0438\u0435\u044f\u0443\u0435. \u0410\u0434 \u0444\u0435\u0440\u0440\u0438 \u0434\u043e\u043b\u043e\u0440\u0435\u043c \u043d\u0430\u043c, \u0438\u043d \u0432\u0438\u0441 \u0435\u0440\u0430\u0442 \u044f\u0443\u0438\u0434\u0430\u043c \u043d\u0435\u043c\u043e\u0440\u0435. \u0415\u0430 \u0445\u0438\u0441 \u0432\u0438\u0434\u0435 \u044f\u0443\u0430\u0435\u044f\u0443\u0435 \u0435\u0445\u043f\u0435\u0442\u0435\u043d\u0434\u0430, \u043c\u0430\u0438\u043e\u0440\u0443\u043c \u0438\u043d\u0441\u043e\u043b\u0435\u043d\u0441 \u0441\u0438\u0442 \u0435\u0438. \u0415\u0430\u043c \u0432\u0438\u0434\u0435 \u0430\u043f\u043f\u0435\u0442\u0435\u0440\u0435 \u043d\u043e, \u0435\u0443\u043c \u0438\u043d\u0432\u0438\u0434\u0443\u043d\u0442 \u0434\u0438\u0441\u043f\u0443\u0442\u0430\u043d\u0434\u043e \u0446\u0443. \u0415\u0430\u043c \u0442\u0435 \u0441\u0430\u043f\u0435\u0440\u0435\u0442 \u0435\u0445\u043f\u0435\u0442\u0435\u043d\u0434\u0430 \u0438\u043c\u043f\u0435\u0440\u0434\u0438\u0435\u0442, \u044f\u0443\u043e \u0435\u0440\u0438\u043f\u0443\u0438\u0442 \u0434\u043e\u043b\u043e\u0440\u0435\u043c \u043e\u0446\u0443\u0440\u0440\u0435\u0440\u0435\u0442 \u0446\u0443, \u0432\u0438\u043c \u0444\u0435\u0440\u0440\u0438 \u0438\u0440\u0438\u0443\u0440\u0435 \u0435\u0440\u0443\u0434\u0438\u0442\u0438 \u0435\u0430. \u0415\u0438 \u0432\u0435\u0440\u0438 \u0444\u0443\u0433\u0438\u0442 \u0438\u0443\u0441\u0442\u043e \u0445\u0430\u0441, \u043e\u043c\u043d\u0435\u0441 \u043d\u043e\u0441\u0442\u0440\u0443\u0434 \u043f\u0435\u0440 \u0435\u0438.</p>\r\n\r\n<h3>\u041b\u043e\u0440\u0435\u043c \u0438\u043f\u0441\u0443\u043c</h3>\r\n\r\n<ul>\r\n<li>dolor sit amet</li>\r\n<li>consectetur adipiscing elit</li>\r\n<li>\u0435\u0443 \u043d\u0430\u043c \u043f\u043e\u0440\u0440\u043e \u043d\u043e\u043c\u0438\u043d\u0430\u0442\u0438 \u0446\u043e\u0442\u0438\u0434\u0438\u0435\u044f\u0443\u0435</li>\r\n<li>\u0434\u043e\u043b\u043e\u0440\u0435\u043c \u043e\u0446\u0443\u0440\u0440\u0435\u0440\u0435\u0442 \u0446\u0443</li>\r\n</ul>\r\n\r\n<h3>\u041b\u043e\u0440\u0435\u043c \u0438\u043f\u0441\u0443\u043c</h3>\r\n\r\n<p>Lorem ipsum dolor sit amet, consectetur adipiscing elit, sed do eiusmod tempor incididunt ut labore et dolore magna aliqua. Ut enim ad minim veniam, quis nostrud exercitation ullamco laboris nisi ut aliquip ex ea commodo consequat.</p>", "price": "12990.00", "stock": 3, "available": true, "created": "2023-01-15T12:56:17.677Z", "updated": "2023-01-17T18:33:10.790Z", "manufacturer": "Robobook", "limited": true}}, {"model": "app_product.product", "pk": 17, "fields": {"category": 3, "vendor": 3, "name": "RoboCard RX-10", "description": "<h2>\u041b\u043e\u0440\u0435\u043c \u0438\u043f\u0441\u0443\u043c</h2>\r\n\r\n<h3>\u041b\u043e\u0440\u0435\u043c \u0438\u043f\u0441\u0443\u043c</h3>\r\n\r\n<p>\u041b\u043e\u0440\u0435\u043c \u0438\u043f\u0441\u0443\u043c \u0434\u043e\u043b\u043e\u0440 \u0441\u0438\u0442 \u0430\u043c\u0435\u0442, \u044f\u0443\u0430\u0441 \u0434\u0435\u043b\u0435\u043d\u0438\u0442\u0438 \u043b\u0435\u0433\u0435\u043d\u0434\u043e\u0441 \u0435\u0445 \u0435\u043e\u0441, \u0435\u0443 \u043d\u0430\u043c \u043f\u043e\u0440\u0440\u043e \u043d\u043e\u043c\u0438\u043d\u0430\u0442\u0438 \u0446\u043e\u0442\u0438\u0434\u0438\u0435\u044f\u0443\u0435. \u0410\u0434 \u0444\u0435\u0440\u0440\u0438 \u0434\u043e\u043b\u043e\u0440\u0435\u043c \u043d\u0430\u043c, \u0438\u043d \u0432\u0438\u0441 \u0435\u0440\u0430\u0442 \u044f\u0443\u0438\u0434\u0430\u043c \u043d\u0435\u043c\u043e\u0440\u0435. \u0415\u0430 \u0445\u0438\u0441 \u0432\u0438\u0434\u0435 \u044f\u0443\u0430\u0435\u044f\u0443\u0435 \u0435\u0445\u043f\u0435\u0442\u0435\u043d\u0434\u0430, \u043c\u0430\u0438\u043e\u0440\u0443\u043c \u0438\u043d\u0441\u043e\u043b\u0435\u043d\u0441 \u0441\u0438\u0442 \u0435\u0438. \u0415\u0430\u043c \u0432\u0438\u0434\u0435 \u0430\u043f\u043f\u0435\u0442\u0435\u0440\u0435 \u043d\u043e, \u0435\u0443\u043c \u0438\u043d\u0432\u0438\u0434\u0443\u043d\u0442 \u0434\u0438\u0441\u043f\u0443\u0442\u0430\u043d\u0434\u043e \u0446\u0443. \u0415\u0430\u043c \u0442\u0435 \u0441\u0430\u043f\u0435\u0440\u0435\u0442 \u0435\u0445\u043f\u0435\u0442\u0435\u043d\u0434\u0430 \u0438\u043c\u043f\u0435\u0440\u0434\u0438\u0435\u0442, \u044f\u0443\u043e \u0435\u0440\u0438\u043f\u0443\u0438\u0442 \u0434\u043e\u043b\u043e\u0440\u0435\u043c \u043e\u0446\u0443\u0440\u0440\u0435\u0440\u0435\u0442 \u0446\u0443, \u0432\u0438\u043c \u0444\u0435\u0440\u0440\u0438 \u0438\u0440\u0438\u0443\u0440\u0435 \u0435\u0440\u0443\u0434\u0438\u0442\u0438 \u0435\u0430. \u0415\u0438 \u0432\u0435\u0440\u0438 \u0444\u0443\u0433\u0438\u0442 \u0438\u0443\u0441\u0442\u043e \u0445\u0430\u0441, \u043e\u043c\u043d\u0435\u0441 \u043d\u043e\u0441\u0442\u0440\u0443\u0434 \u043f\u0435\u0440 \u0435\u0438.</p>\r\n\r\n<h3>\u041b\u043e\u0440\u0435\u043c \u0438\u043f\u0441\u0443\u043c</h3>\r\n\r\n<ul>\r\n<li>dolor sit amet</li>\r\n<li>consectetur adipiscing elit</li>\r\n<li>\u0435\u0443 \u043d\u0430\u043c \u043f\u043e\u0440\u0440\u043e \u043d\u043e\u043c\u0438\u043d\u0430\u0442\u0438 \u0446\u043e\u0442\u0438\u0434\u0438\u0435\u044f\u0443\u0435</li>\r\n<li>\u0434\u043e\u043b\u043e\u0440\u0435\u043c \u043e\u0446\u0443\u0440\u0440\u0435\u0440\u0435\u0442 \u0446\u0443</li>\r\n</ul>\r\n\r\n<h3>\u041b\u043e\u0440\u0435\u043c \u0438\u043f\u0441\u0443\u043c</h3>\r\n\r\n<p>Lorem ipsum dolor sit amet, consectetur adipiscing elit, sed do eiusmod tempor incididunt ut labore et dolore magna aliqua. Ut enim ad minim veniam, quis nostrud exercitation ullamco laboris nisi ut aliquip ex ea commodo consequat.</p>", "price": "16590.00", "stock": 40, "available": true, "created": "2023-01-15T13:01:44.303Z", "updated": "2023-01-17T18:42:07.748Z", "manufacturer": "RoboCard", "limited": false}}, {"model": "app_product.product", "pk": 18, "fields": {"category": 3, "vendor": 1, "name": "RoboCard RX-11", "description": "<h2>\u041b\u043e\u0440\u0435\u043c \u0438\u043f\u0441\u0443\u043c</h2>\r\n\r\n<h3>\u041b\u043e\u0440\u0435\u043c \u0438\u043f\u0441\u0443\u043c</h3>\r\n\r\n<p>\u041b\u043e\u0440\u0435\u043c \u0438\u043f\u0441\u0443\u043c \u0434\u043e\u043b\u043e\u0440 \u0441\u0438\u0442 \u0430\u043c\u0435\u0442, \u044f\u0443\u0430\u0441 \u0434\u0435\u043b\u0435\u043d\u0438\u0442\u0438 \u043b\u0435\u0433\u0435\u043d\u0434\u043e\u0441 \u0435\u0445 \u0435\u043e\u0441, \u0435\u0443 \u043d\u0430\u043c \u043f\u043e\u0440\u0440\u043e \u043d\u043e\u043c\u0438\u043d\u0430\u0442\u0438 \u0446\u043e\u0442\u0438\u0434\u0438\u0435\u044f\u0443\u0435. \u0410\u0434 \u0444\u0435\u0440\u0440\u0438 \u0434\u043e\u043b\u043e\u0440\u0435\u043c \u043d\u0430\u043c, \u0438\u043d \u0432\u0438\u0441 \u0435\u0440\u0430\u0442 \u044f\u0443\u0438\u0434\u0430\u043c \u043d\u0435\u043c\u043e\u0440\u0435. \u0415\u0430 \u0445\u0438\u0441 \u0432\u0438\u0434\u0435 \u044f\u0443\u0430\u0435\u044f\u0443\u0435 \u0435\u0445\u043f\u0435\u0442\u0435\u043d\u0434\u0430, \u043c\u0430\u0438\u043e\u0440\u0443\u043c \u0438\u043d\u0441\u043e\u043b\u0435\u043d\u0441 \u0441\u0438\u0442 \u0435\u0438. \u0415\u0430\u043c \u0432\u0438\u0434\u0435 \u0430\u043f\u043f\u0435\u0442\u0435\u0440\u0435 \u043d\u043e, \u0435\u0443\u043c \u0438\u043d\u0432\u0438\u0434\u0443\u043d\u0442 \u0434\u0438\u0441\u043f\u0443\u0442\u0430\u043d\u0434\u043e \u0446\u0443. \u0415\u0430\u043c \u0442\u0435 \u0441\u0430\u043f\u0435\u0440\u0435\u0442 \u0435\u0445\u043f\u0435\u0442\u0435\u043d\u0434\u0430 \u0438\u043c\u043f\u0435\u0440\u0434\u0438\u0435\u0442, \u044f\u0443\u043e \u0435\u0440\u0438\u043f\u0443\u0438\u0442 \u0434\u043e\u043b\u043e\u0440\u0435\u043c \u043e\u0446\u0443\u0440\u0440\u0435\u0440\u0435\u0442 \u0446\u0443, \u0432\u0438\u043c \u0444\u0435\u0440\u0440\u0438 \u0438\u0440\u0438\u0443\u0440\u0435 \u0435\u0440\u0443\u0434\u0438\u0442\u0438 \u0435\u0430. \u0415\u0438 \u0432\u0435\u0440\u0438 \u0444\u0443\u0433\u0438\u0442 \u0438\u0443\u0441\u0442\u043e \u0445\u0430\u0441, \u043e\u043c\u043d\u0435\u0441 \u043d\u043e\u0441\u0442\u0440\u0443\u0434 \u043f\u0435\u0440 \u0435\u0438.</p>\r\n\r\n<h3>\u041b\u043e\u0440\u0435\u043c \u0438\u043f\u0441\u0443\u043c</h3>\r\n\r\n<ul>\r\n<li>dolor sit amet</li>\r\n<li>consectetur adipiscing elit</li>\r\n<li>\u0435\u0443 \u043d\u0430\u043c \u043f\u043e\u0440\u0440\u043e \u043d\u043e\u043c\u0438\u043d\u0430\u0442\u0438 \u0446\u043e\u0442\u0438\u0434\u0438\u0435\u044f\u0443\u0435</li>\r\n<li>\u0434\u043e\u043b\u043e\u0440\u0435\u043c \u043e\u0446\u0443\u0440\u0440\u0435\u0440\u0435\u0442 \u0446\u0443</li>\r\n</ul>\r\n\r\n<h3>\u041b\u043e\u0440\u0435\u043c \u0438\u043f\u0441\u0443\u043c</h3>\r\n\r\n<p>Lorem ipsum dolor sit amet, consectetur adipiscing elit, sed do eiusmod tempor incididunt ut labore et dolore magna aliqua. Ut enim ad minim veniam, quis nostrud exercitation ullamco laboris nisi ut aliquip ex ea commodo consequat.</p>", "price": "26990.00", "stock": 16, "available": true, "created": "2023-01-15T13:03:17.461Z", "updated": "2023-01-17T18:41:44.303Z", "manufacturer": "RoboCard", "limited": false}}, {"model": "app_product.product", "pk": 19, "fields": {"category": 3, "vendor": 1, "name": "RoboCard RX-12", "description": "<h2>\u041b\u043e\u0440\u0435\u043c \u0438\u043f\u0441\u0443\u043c</h2>\r\n\r\n<h3>\u041b\u043e\u0440\u0435\u043c \u0438\u043f\u0441\u0443\u043c</h3>\r\n\r\n<p>\u041b\u043e\u0440\u0435\u043c \u0438\u043f\u0441\u0443\u043c \u0434\u043e\u043b\u043e\u0440 \u0441\u0438\u0442 \u0430\u043c\u0435\u0442, \u044f\u0443\u0430\u0441 \u0434\u0435\u043b\u0435\u043d\u0438\u0442\u0438 \u043b\u0435\u0433\u0435\u043d\u0434\u043e\u0441 \u0435\u0445 \u0435\u043e\u0441, \u0435\u0443 \u043d\u0430\u043c \u043f\u043e\u0440\u0440\u043e \u043d\u043e\u043c\u0438\u043d\u0430\u0442\u0438 \u0446\u043e\u0442\u0438\u0434\u0438\u0435\u044f\u0443\u0435. \u0410\u0434 \u0444\u0435\u0440\u0440\u0438 \u0434\u043e\u043b\u043e\u0440\u0435\u043c \u043d\u0430\u043c, \u0438\u043d \u0432\u0438\u0441 \u0435\u0440\u0430\u0442 \u044f\u0443\u0438\u0434\u0430\u043c \u043d\u0435\u043c\u043e\u0440\u0435. \u0415\u0430 \u0445\u0438\u0441 \u0432\u0438\u0434\u0435 \u044f\u0443\u0430\u0435\u044f\u0443\u0435 \u0435\u0445\u043f\u0435\u0442\u0435\u043d\u0434\u0430, \u043c\u0430\u0438\u043e\u0440\u0443\u043c \u0438\u043d\u0441\u043e\u043b\u0435\u043d\u0441 \u0441\u0438\u0442 \u0435\u0438. \u0415\u0430\u043c \u0432\u0438\u0434\u0435 \u0430\u043f\u043f\u0435\u0442\u0435\u0440\u0435 \u043d\u043e, \u0435\u0443\u043c \u0438\u043d\u0432\u0438\u0434\u0443\u043d\u0442 \u0434\u0438\u0441\u043f\u0443\u0442\u0430\u043d\u0434\u043e \u0446\u0443. \u0415\u0430\u043c \u0442\u0435 \u0441\u0430\u043f\u0435\u0440\u0435\u0442 \u0435\u0445\u043f\u0435\u0442\u0435\u043d\u0434\u0430 \u0438\u043c\u043f\u0435\u0440\u0434\u0438\u0435\u0442, \u044f\u0443\u043e \u0435\u0440\u0438\u043f\u0443\u0438\u0442 \u0434\u043e\u043b\u043e\u0440\u0435\u043c \u043e\u0446\u0443\u0440\u0440\u0435\u0440\u0435\u0442 \u0446\u0443, \u0432\u0438\u043c \u0444\u0435\u0440\u0440\u0438 \u0438\u0440\u0438\u0443\u0440\u0435 \u0435\u0440\u0443\u0434\u0438\u0442\u0438 \u0435\u0430. \u0415\u0438 \u0432\u0435\u0440\u0438 \u0444\u0443\u0433\u0438\u0442 \u0438\u0443\u0441\u0442\u043e \u0445\u0430\u0441, \u043e\u043c\u043d\u0435\u0441 \u043d\u043e\u0441\u0442\u0440\u0443\u0434 \u043f\u0435\u0440 \u0435\u0438.</p>\r\n\r\n<h3>\u041b\u043e\u0440\u0435\u043c \u0438\u043f\u0441\u0443\u043c</h3>\r\n\r\n<ul>\r\n<li>dolor sit amet</li>\r\n<li>consectetur adipiscing elit</li>\r\n<li>\u0435\u0443 \u043d\u0430\u043c \u043f\u043e\u0440\u0440\u043e \u043d\u043e\u043c\u0438\u043d\u0430\u0442\u0438 \u0446\u043e\u0442\u0438\u0434\u0438\u0435\u044f\u0443\u0435</li>\r\n<li>\u0434\u043e\u043b\u043e\u0440\u0435\u043c \u043e\u0446\u0443\u0440\u0440\u0435\u0440\u0435\u0442 \u0446\u0443</li>\r\n</ul>\r\n\r\n<h3>\u041b\u043e\u0440\u0435\u043c \u0438\u043f\u0441\u0443\u043c</h3>\r\n\r\n<p>Lorem ipsum dolor sit amet, consectetur adipiscing elit, sed do eiusmod tempor incididunt ut labore et dolore magna aliqua. Ut enim ad minim veniam, quis nostrud exercitation ullamco laboris nisi ut aliquip ex ea commodo consequat.</p>", "price": "44990.00", "stock": 3, "available": true, "created": "2023-01-15T13:04:43.757Z", "updated": "2023-01-17T18:41:18.986Z", "manufacturer": "RoboCard", "limited": true}}, {"model": "app_product.product", "pk": 20, "fields": {"category": 3, "vendor": 2, "name": "Fake-RoboCard RX-12", "description": "<h2>\u041b\u043e\u0440\u0435\u043c \u0438\u043f\u0441\u0443\u043c</h2>\r\n\r\n<h3>\u041b\u043e\u0440\u0435\u043c \u0438\u043f\u0441\u0443\u043c</h3>\r\n\r\n<p>\u041b\u043e\u0440\u0435\u043c \u0438\u043f\u0441\u0443\u043c \u0434\u043e\u043b\u043e\u0440 \u0441\u0438\u0442 \u0430\u043c\u0435\u0442, \u044f\u0443\u0430\u0441 \u0434\u0435\u043b\u0435\u043d\u0438\u0442\u0438 \u043b\u0435\u0433\u0435\u043d\u0434\u043e\u0441 \u0435\u0445 \u0435\u043e\u0441, \u0435\u0443 \u043d\u0430\u043c \u043f\u043e\u0440\u0440\u043e \u043d\u043e\u043c\u0438\u043d\u0430\u0442\u0438 \u0446\u043e\u0442\u0438\u0434\u0438\u0435\u044f\u0443\u0435. \u0410\u0434 \u0444\u0435\u0440\u0440\u0438 \u0434\u043e\u043b\u043e\u0440\u0435\u043c \u043d\u0430\u043c, \u0438\u043d \u0432\u0438\u0441 \u0435\u0440\u0430\u0442 \u044f\u0443\u0438\u0434\u0430\u043c \u043d\u0435\u043c\u043e\u0440\u0435. \u0415\u0430 \u0445\u0438\u0441 \u0432\u0438\u0434\u0435 \u044f\u0443\u0430\u0435\u044f\u0443\u0435 \u0435\u0445\u043f\u0435\u0442\u0435\u043d\u0434\u0430, \u043c\u0430\u0438\u043e\u0440\u0443\u043c \u0438\u043d\u0441\u043e\u043b\u0435\u043d\u0441 \u0441\u0438\u0442 \u0435\u0438. \u0415\u0430\u043c \u0432\u0438\u0434\u0435 \u0430\u043f\u043f\u0435\u0442\u0435\u0440\u0435 \u043d\u043e, \u0435\u0443\u043c \u0438\u043d\u0432\u0438\u0434\u0443\u043d\u0442 \u0434\u0438\u0441\u043f\u0443\u0442\u0430\u043d\u0434\u043e \u0446\u0443. \u0415\u0430\u043c \u0442\u0435 \u0441\u0430\u043f\u0435\u0440\u0435\u0442 \u0435\u0445\u043f\u0435\u0442\u0435\u043d\u0434\u0430 \u0438\u043c\u043f\u0435\u0440\u0434\u0438\u0435\u0442, \u044f\u0443\u043e \u0435\u0440\u0438\u043f\u0443\u0438\u0442 \u0434\u043e\u043b\u043e\u0440\u0435\u043c \u043e\u0446\u0443\u0440\u0440\u0435\u0440\u0435\u0442 \u0446\u0443, \u0432\u0438\u043c \u0444\u0435\u0440\u0440\u0438 \u0438\u0440\u0438\u0443\u0440\u0435 \u0435\u0440\u0443\u0434\u0438\u0442\u0438 \u0435\u0430. \u0415\u0438 \u0432\u0435\u0440\u0438 \u0444\u0443\u0433\u0438\u0442 \u0438\u0443\u0441\u0442\u043e \u0445\u0430\u0441, \u043e\u043c\u043d\u0435\u0441 \u043d\u043e\u0441\u0442\u0440\u0443\u0434 \u043f\u0435\u0440 \u0435\u0438.</p>\r\n\r\n<h3>\u041b\u043e\u0440\u0435\u043c \u0438\u043f\u0441\u0443\u043c</h3>\r\n\r\n<ul>\r\n<li>dolor sit amet</li>\r\n<li>consectetur adipiscing elit</li>\r\n<li>\u0435\u0443 \u043d\u0430\u043c \u043f\u043e\u0440\u0440\u043e \u043d\u043e\u043c\u0438\u043d\u0430\u0442\u0438 \u0446\u043e\u0442\u0438\u0434\u0438\u0435\u044f\u0443\u0435</li>\r\n<li>\u0434\u043e\u043b\u043e\u0440\u0435\u043c \u043e\u0446\u0443\u0440\u0440\u0435\u0440\u0435\u0442 \u0446\u0443</li>\r\n</ul>\r\n\r\n<h3>\u041b\u043e\u0440\u0435\u043c \u0438\u043f\u0441\u0443\u043c</h3>\r\n\r\n<p>Lorem ipsum dolor sit amet, consectetur adipiscing elit, sed do eiusmod tempor incididunt ut labore et dolore magna aliqua. Ut enim ad minim veniam, quis nostrud exercitation ullamco laboris nisi ut aliquip ex ea commodo consequat.</p>", "price": "7600.00", "stock": 21, "available": true, "created": "2023-01-15T13:05:50.578Z", "updated": "2023-01-17T18:40:57.704Z", "manufacturer": "Fake-RoboCard", "limited": false}}, {"model": "app_product.product", "pk": 21, "fields": {"category": 4, "vendor": 3, "name": "RoboFly RX-10", "description": "<h2>\u041b\u043e\u0440\u0435\u043c \u0438\u043f\u0441\u0443\u043c</h2>\r\n\r\n<h3>\u041b\u043e\u0440\u0435\u043c \u0438\u043f\u0441\u0443\u043c</h3>\r\n\r\n<p>\u041b\u043e\u0440\u0435\u043c \u0438\u043f\u0441\u0443\u043c \u0434\u043e\u043b\u043e\u0440 \u0441\u0438\u0442 \u0430\u043c\u0435\u0442, \u044f\u0443\u0430\u0441 \u0434\u0435\u043b\u0435\u043d\u0438\u0442\u0438 \u043b\u0435\u0433\u0435\u043d\u0434\u043e\u0441 \u0435\u0445 \u0435\u043e\u0441, \u0435\u0443 \u043d\u0430\u043c \u043f\u043e\u0440\u0440\u043e \u043d\u043e\u043c\u0438\u043d\u0430\u0442\u0438 \u0446\u043e\u0442\u0438\u0434\u0438\u0435\u044f\u0443\u0435. \u0410\u0434 \u0444\u0435\u0440\u0440\u0438 \u0434\u043e\u043b\u043e\u0440\u0435\u043c \u043d\u0430\u043c, \u0438\u043d \u0432\u0438\u0441 \u0435\u0440\u0430\u0442 \u044f\u0443\u0438\u0434\u0430\u043c \u043d\u0435\u043c\u043e\u0440\u0435. \u0415\u0430 \u0445\u0438\u0441 \u0432\u0438\u0434\u0435 \u044f\u0443\u0430\u0435\u044f\u0443\u0435 \u0435\u0445\u043f\u0435\u0442\u0435\u043d\u0434\u0430, \u043c\u0430\u0438\u043e\u0440\u0443\u043c \u0438\u043d\u0441\u043e\u043b\u0435\u043d\u0441 \u0441\u0438\u0442 \u0435\u0438. \u0415\u0430\u043c \u0432\u0438\u0434\u0435 \u0430\u043f\u043f\u0435\u0442\u0435\u0440\u0435 \u043d\u043e, \u0435\u0443\u043c \u0438\u043d\u0432\u0438\u0434\u0443\u043d\u0442 \u0434\u0438\u0441\u043f\u0443\u0442\u0430\u043d\u0434\u043e \u0446\u0443. \u0415\u0430\u043c \u0442\u0435 \u0441\u0430\u043f\u0435\u0440\u0435\u0442 \u0435\u0445\u043f\u0435\u0442\u0435\u043d\u0434\u0430 \u0438\u043c\u043f\u0435\u0440\u0434\u0438\u0435\u0442, \u044f\u0443\u043e \u0435\u0440\u0438\u043f\u0443\u0438\u0442 \u0434\u043e\u043b\u043e\u0440\u0435\u043c \u043e\u0446\u0443\u0440\u0440\u0435\u0440\u0435\u0442 \u0446\u0443, \u0432\u0438\u043c \u0444\u0435\u0440\u0440\u0438 \u0438\u0440\u0438\u0443\u0440\u0435 \u0435\u0440\u0443\u0434\u0438\u0442\u0438 \u0435\u0430. \u0415\u0438 \u0432\u0435\u0440\u0438 \u0444\u0443\u0433\u0438\u0442 \u0438\u0443\u0441\u0442\u043e \u0445\u0430\u0441, \u043e\u043c\u043d\u0435\u0441 \u043d\u043e\u0441\u0442\u0440\u0443\u0434 \u043f\u0435\u0440 \u0435\u0438.</p>\r\n\r\n<h3>\u041b\u043e\u0440\u0435\u043c \u0438\u043f\u0441\u0443\u043c</h3>\r\n\r\n<ul>\r\n<li>dolor sit amet</li>\r\n<li>consectetur adipiscing elit</li>\r\n<li>\u0435\u0443 \u043d\u0430\u043c \u043f\u043e\u0440\u0440\u043e \u043d\u043e\u043c\u0438\u043d\u0430\u0442\u0438 \u0446\u043e\u0442\u0438\u0434\u0438\u0435\u044f\u0443\u0435</li>\r\n<li>\u0434\u043e\u043b\u043e\u0440\u0435\u043c \u043e\u0446\u0443\u0440\u0440\u0435\u0440\u0435\u0442 \u0446\u0443</li>\r\n</ul>\r\n\r\n<h3>\u041b\u043e\u0440\u0435\u043c \u0438\u043f\u0441\u0443\u043c</h3>\r\n\r\n<p>Lorem ipsum dolor sit amet, consectetur adipiscing elit, sed do eiusmod tempor incididunt ut labore et dolore magna aliqua. Ut enim ad minim veniam, quis nostrud exercitation ullamco laboris nisi ut aliquip ex ea commodo consequat.</p>", "price": "149900.00", "stock": 43, "available": true, "created": "2023-01-15T13:12:20.619Z", "updated": "2023-01-17T18:38:49.791Z", "manufacturer": "RoboFly", "limited": false}}, {"model": "app_product.product", "pk": 22, "fields": {"category": 4, "vendor": 1, "name": "RoboFly RX-11", "description": "<h2>\u041b\u043e\u0440\u0435\u043c \u0438\u043f\u0441\u0443\u043c</h2>\r\n\r\n<h3>\u041b\u043e\u0440\u0435\u043c \u0438\u043f\u0441\u0443\u043c</h3>\r\n\r\n<p>\u041b\u043e\u0440\u0435\u043c \u0438\u043f\u0441\u0443\u043c \u0434\u043e\u043b\u043e\u0440 \u0441\u0438\u0442 \u0430\u043c\u0435\u0442, \u044f\u0443\u0430\u0441 \u0434\u0435\u043b\u0435\u043d\u0438\u0442\u0438 \u043b\u0435\u0433\u0435\u043d\u0434\u043e\u0441 \u0435\u0445 \u0435\u043e\u0441, \u0435\u0443 \u043d\u0430\u043c \u043f\u043e\u0440\u0440\u043e \u043d\u043e\u043c\u0438\u043d\u0430\u0442\u0438 \u0446\u043e\u0442\u0438\u0434\u0438\u0435\u044f\u0443\u0435. \u0410\u0434 \u0444\u0435\u0440\u0440\u0438 \u0434\u043e\u043b\u043e\u0440\u0435\u043c \u043d\u0430\u043c, \u0438\u043d \u0432\u0438\u0441 \u0435\u0440\u0430\u0442 \u044f\u0443\u0438\u0434\u0430\u043c \u043d\u0435\u043c\u043e\u0440\u0435. \u0415\u0430 \u0445\u0438\u0441 \u0432\u0438\u0434\u0435 \u044f\u0443\u0430\u0435\u044f\u0443\u0435 \u0435\u0445\u043f\u0435\u0442\u0435\u043d\u0434\u0430, \u043c\u0430\u0438\u043e\u0440\u0443\u043c \u0438\u043d\u0441\u043e\u043b\u0435\u043d\u0441 \u0441\u0438\u0442 \u0435\u0438. \u0415\u0430\u043c \u0432\u0438\u0434\u0435 \u0430\u043f\u043f\u0435\u0442\u0435\u0440\u0435 \u043d\u043e, \u0435\u0443\u043c \u0438\u043d\u0432\u0438\u0434\u0443\u043d\u0442 \u0434\u0438\u0441\u043f\u0443\u0442\u0430\u043d\u0434\u043e \u0446\u0443. \u0415\u0430\u043c \u0442\u0435 \u0441\u0430\u043f\u0435\u0440\u0435\u0442 \u0435\u0445\u043f\u0435\u0442\u0435\u043d\u0434\u0430 \u0438\u043c\u043f\u0435\u0440\u0434\u0438\u0435\u0442, \u044f\u0443\u043e \u0435\u0440\u0438\u043f\u0443\u0438\u0442 \u0434\u043e\u043b\u043e\u0440\u0435\u043c \u043e\u0446\u0443\u0440\u0440\u0435\u0440\u0435\u0442 \u0446\u0443, \u0432\u0438\u043c \u0444\u0435\u0440\u0440\u0438 \u0438\u0440\u0438\u0443\u0440\u0435 \u0435\u0440\u0443\u0434\u0438\u0442\u0438 \u0435\u0430. \u0415\u0438 \u0432\u0435\u0440\u0438 \u0444\u0443\u0433\u0438\u0442 \u0438\u0443\u0441\u0442\u043e \u0445\u0430\u0441, \u043e\u043c\u043d\u0435\u0441 \u043d\u043e\u0441\u0442\u0440\u0443\u0434 \u043f\u0435\u0440 \u0435\u0438.</p>\r\n\r\n<h3>\u041b\u043e\u0440\u0435\u043c \u0438\u043f\u0441\u0443\u043c</h3>\r\n\r\n<ul>\r\n<li>dolor sit amet</li>\r\n<li>consectetur adipiscing elit</li>\r\n<li>\u0435\u0443 \u043d\u0430\u043c \u043f\u043e\u0440\u0440\u043e \u043d\u043e\u043c\u0438\u043d\u0430\u0442\u0438 \u0446\u043e\u0442\u0438\u0434\u0438\u0435\u044f\u0443\u0435</li>\r\n<li>\u0434\u043e\u043b\u043e\u0440\u0435\u043c \u043e\u0446\u0443\u0440\u0440\u0435\u0440\u0435\u0442 \u0446\u0443</li>\r\n</ul>\r\n\r\n<h3>\u041b\u043e\u0440\u0435\u043c \u0438\u043f\u0441\u0443\u043c</h3>\r\n\r\n<p>Lorem ipsum dolor sit amet, consectetur adipiscing elit, sed do eiusmod tempor incididunt ut labore et dolore magna aliqua. Ut enim ad minim veniam, quis nostrud exercitation ullamco laboris nisi ut aliquip ex ea commodo consequat.</p>", "price": "199999.00", "stock": 17, "available": true, "created": "2023-01-15T13:14:00.191Z", "updated": "2023-01-17T18:39:13.414Z", "manufacturer": "RoboFlyv", "limited": false}}, {"model": "app_product.product", "pk": 23, "fields": {"category": 4, "vendor": 1, "name": "RoboFly RX-12", "description": "<h2>\u041b\u043e\u0440\u0435\u043c \u0438\u043f\u0441\u0443\u043c</h2>\r\n\r\n<h3>\u041b\u043e\u0440\u0435\u043c \u0438\u043f\u0441\u0443\u043c</h3>\r\n\r\n<p>\u041b\u043e\u0440\u0435\u043c \u0438\u043f\u0441\u0443\u043c \u0434\u043e\u043b\u043e\u0440 \u0441\u0438\u0442 \u0430\u043c\u0435\u0442, \u044f\u0443\u0430\u0441 \u0434\u0435\u043b\u0435\u043d\u0438\u0442\u0438 \u043b\u0435\u0433\u0435\u043d\u0434\u043e\u0441 \u0435\u0445 \u0435\u043e\u0441, \u0435\u0443 \u043d\u0430\u043c \u043f\u043e\u0440\u0440\u043e \u043d\u043e\u043c\u0438\u043d\u0430\u0442\u0438 \u0446\u043e\u0442\u0438\u0434\u0438\u0435\u044f\u0443\u0435. \u0410\u0434 \u0444\u0435\u0440\u0440\u0438 \u0434\u043e\u043b\u043e\u0440\u0435\u043c \u043d\u0430\u043c, \u0438\u043d \u0432\u0438\u0441 \u0435\u0440\u0430\u0442 \u044f\u0443\u0438\u0434\u0430\u043c \u043d\u0435\u043c\u043e\u0440\u0435. \u0415\u0430 \u0445\u0438\u0441 \u0432\u0438\u0434\u0435 \u044f\u0443\u0430\u0435\u044f\u0443\u0435 \u0435\u0445\u043f\u0435\u0442\u0435\u043d\u0434\u0430, \u043c\u0430\u0438\u043e\u0440\u0443\u043c \u0438\u043d\u0441\u043e\u043b\u0435\u043d\u0441 \u0441\u0438\u0442 \u0435\u0438. \u0415\u0430\u043c \u0432\u0438\u0434\u0435 \u0430\u043f\u043f\u0435\u0442\u0435\u0440\u0435 \u043d\u043e, \u0435\u0443\u043c \u0438\u043d\u0432\u0438\u0434\u0443\u043d\u0442 \u0434\u0438\u0441\u043f\u0443\u0442\u0430\u043d\u0434\u043e \u0446\u0443. \u0415\u0430\u043c \u0442\u0435 \u0441\u0430\u043f\u0435\u0440\u0435\u0442 \u0435\u0445\u043f\u0435\u0442\u0435\u043d\u0434\u0430 \u0438\u043c\u043f\u0435\u0440\u0434\u0438\u0435\u0442, \u044f\u0443\u043e \u0435\u0440\u0438\u043f\u0443\u0438\u0442 \u0434\u043e\u043b\u043e\u0440\u0435\u043c \u043e\u0446\u0443\u0440\u0440\u0435\u0440\u0435\u0442 \u0446\u0443, \u0432\u0438\u043c \u0444\u0435\u0440\u0440\u0438 \u0438\u0440\u0438\u0443\u0440\u0435 \u0435\u0440\u0443\u0434\u0438\u0442\u0438 \u0435\u0430. \u0415\u0438 \u0432\u0435\u0440\u0438 \u0444\u0443\u0433\u0438\u0442 \u0438\u0443\u0441\u0442\u043e \u0445\u0430\u0441, \u043e\u043c\u043d\u0435\u0441 \u043d\u043e\u0441\u0442\u0440\u0443\u0434 \u043f\u0435\u0440 \u0435\u0438.</p>\r\n\r\n<h3>\u041b\u043e\u0440\u0435\u043c \u0438\u043f\u0441\u0443\u043c</h3>\r\n\r\n<ul>\r\n<li>dolor sit amet</li>\r\n<li>consectetur adipiscing elit</li>\r\n<li>\u0435\u0443 \u043d\u0430\u043c \u043f\u043e\u0440\u0440\u043e \u043d\u043e\u043c\u0438\u043d\u0430\u0442\u0438 \u0446\u043e\u0442\u0438\u0434\u0438\u0435\u044f\u0443\u0435</li>\r\n<li>\u0434\u043e\u043b\u043e\u0440\u0435\u043c \u043e\u0446\u0443\u0440\u0440\u0435\u0440\u0435\u0442 \u0446\u0443</li>\r\n</ul>\r\n\r\n<h3>\u041b\u043e\u0440\u0435\u043c \u0438\u043f\u0441\u0443\u043c</h3>\r\n\r\n<p>Lorem ipsum dolor sit amet, consectetur adipiscing elit, sed do eiusmod tempor incididunt ut labore et dolore magna aliqua. Ut enim ad minim veniam, quis nostrud exercitation ullamco laboris nisi ut aliquip ex ea commodo consequat.</p>", "price": "132890.00", "stock": 3, "available": true, "created": "2023-01-15T13:15:15.307Z", "updated": "2023-01-17T18:39:37.213Z", "manufacturer": "RoboFly", "limited": true}}, {"model": "app_product.product", "pk": 24, "fields": {"category": 4, "vendor": 2, "name": "FakeRoboFly RX-10", "description": "<h2>\u041b\u043e\u0440\u0435\u043c \u0438\u043f\u0441\u0443\u043c</h2>\r\n\r\n<h3>\u041b\u043e\u0440\u0435\u043c \u0438\u043f\u0441\u0443\u043c</h3>\r\n\r\n<p>\u041b\u043e\u0440\u0435\u043c \u0438\u043f\u0441\u0443\u043c \u0434\u043e\u043b\u043e\u0440 \u0441\u0438\u0442 \u0430\u043c\u0435\u0442, \u044f\u0443\u0430\u0441 \u0434\u0435\u043b\u0435\u043d\u0438\u0442\u0438 \u043b\u0435\u0433\u0435\u043d\u0434\u043e\u0441 \u0435\u0445 \u0435\u043e\u0441, \u0435\u0443 \u043d\u0430\u043c \u043f\u043e\u0440\u0440\u043e \u043d\u043e\u043c\u0438\u043d\u0430\u0442\u0438 \u0446\u043e\u0442\u0438\u0434\u0438\u0435\u044f\u0443\u0435. \u0410\u0434 \u0444\u0435\u0440\u0440\u0438 \u0434\u043e\u043b\u043e\u0440\u0435\u043c \u043d\u0430\u043c, \u0438\u043d \u0432\u0438\u0441 \u0435\u0440\u0430\u0442 \u044f\u0443\u0438\u0434\u0430\u043c \u043d\u0435\u043c\u043e\u0440\u0435. \u0415\u0430 \u0445\u0438\u0441 \u0432\u0438\u0434\u0435 \u044f\u0443\u0430\u0435\u044f\u0443\u0435 \u0435\u0445\u043f\u0435\u0442\u0435\u043d\u0434\u0430, \u043c\u0430\u0438\u043e\u0440\u0443\u043c \u0438\u043d\u0441\u043e\u043b\u0435\u043d\u0441 \u0441\u0438\u0442 \u0435\u0438. \u0415\u0430\u043c \u0432\u0438\u0434\u0435 \u0430\u043f\u043f\u0435\u0442\u0435\u0440\u0435 \u043d\u043e, \u0435\u0443\u043c \u0438\u043d\u0432\u0438\u0434\u0443\u043d\u0442 \u0434\u0438\u0441\u043f\u0443\u0442\u0430\u043d\u0434\u043e \u0446\u0443. \u0415\u0430\u043c \u0442\u0435 \u0441\u0430\u043f\u0435\u0440\u0435\u0442 \u0435\u0445\u043f\u0435\u0442\u0435\u043d\u0434\u0430 \u0438\u043c\u043f\u0435\u0440\u0434\u0438\u0435\u0442, \u044f\u0443\u043e \u0435\u0440\u0438\u043f\u0443\u0438\u0442 \u0434\u043e\u043b\u043e\u0440\u0435\u043c \u043e\u0446\u0443\u0440\u0440\u0435\u0440\u0435\u0442 \u0446\u0443, \u0432\u0438\u043c \u0444\u0435\u0440\u0440\u0438 \u0438\u0440\u0438\u0443\u0440\u0435 \u0435\u0440\u0443\u0434\u0438\u0442\u0438 \u0435\u0430. \u0415\u0438 \u0432\u0435\u0440\u0438 \u0444\u0443\u0433\u0438\u0442 \u0438\u0443\u0441\u0442\u043e \u0445\u0430\u0441, \u043e\u043c\u043d\u0435\u0441 \u043d\u043e\u0441\u0442\u0440\u0443\u0434 \u043f\u0435\u0440 \u0435\u0438.</p>\r\n\r\n<h3>\u041b\u043e\u0440\u0435\u043c \u0438\u043f\u0441\u0443\u043c</h3>\r\n\r\n<ul>\r\n<li>dolor sit amet</li>\r\n<li>consectetur adipiscing elit</li>\r\n<li>\u0435\u0443 \u043d\u0430\u043c \u043f\u043e\u0440\u0440\u043e \u043d\u043e\u043c\u0438\u043d\u0430\u0442\u0438 \u0446\u043e\u0442\u0438\u0434\u0438\u0435\u044f\u0443\u0435</li>\r\n<li>\u0434\u043e\u043b\u043e\u0440\u0435\u043c \u043e\u0446\u0443\u0440\u0440\u0435\u0440\u0435\u0442 \u0446\u0443</li>\r\n</ul>\r\n\r\n<h3>\u041b\u043e\u0440\u0435\u043c \u0438\u043f\u0441\u0443\u043c</h3>\r\n\r\n<p>Lorem ipsum dolor sit amet, consectetur adipiscing elit, sed do eiusmod tempor incididunt ut labore et dolore magna aliqua. Ut enim ad minim veniam, quis nostrud exercitation ullamco laboris nisi ut aliquip ex ea commodo consequat.</p>", "price": "9990.00", "stock": 53, "available": true, "created": "2023-01-15T13:16:39.275Z", "updated": "2023-01-17T18:40:03.074Z", "manufacturer": "Fake-RoboFly", "limited": false}}, {"model": "app_product.product", "pk": 25, "fields": {"category": 9, "vendor": 3, "name": "RoboSound RX-10", "description": "<h2>\u041b\u043e\u0440\u0435\u043c \u0438\u043f\u0441\u0443\u043c</h2>\r\n\r\n<h3>\u041b\u043e\u0440\u0435\u043c \u0438\u043f\u0441\u0443\u043c</h3>\r\n\r\n<p>\u041b\u043e\u0440\u0435\u043c \u0438\u043f\u0441\u0443\u043c \u0434\u043e\u043b\u043e\u0440 \u0441\u0438\u0442 \u0430\u043c\u0435\u0442, \u044f\u0443\u0430\u0441 \u0434\u0435\u043b\u0435\u043d\u0438\u0442\u0438 \u043b\u0435\u0433\u0435\u043d\u0434\u043e\u0441 \u0435\u0445 \u0435\u043e\u0441, \u0435\u0443 \u043d\u0430\u043c \u043f\u043e\u0440\u0440\u043e \u043d\u043e\u043c\u0438\u043d\u0430\u0442\u0438 \u0446\u043e\u0442\u0438\u0434\u0438\u0435\u044f\u0443\u0435. \u0410\u0434 \u0444\u0435\u0440\u0440\u0438 \u0434\u043e\u043b\u043e\u0440\u0435\u043c \u043d\u0430\u043c, \u0438\u043d \u0432\u0438\u0441 \u0435\u0440\u0430\u0442 \u044f\u0443\u0438\u0434\u0430\u043c \u043d\u0435\u043c\u043e\u0440\u0435. \u0415\u0430 \u0445\u0438\u0441 \u0432\u0438\u0434\u0435 \u044f\u0443\u0430\u0435\u044f\u0443\u0435 \u0435\u0445\u043f\u0435\u0442\u0435\u043d\u0434\u0430, \u043c\u0430\u0438\u043e\u0440\u0443\u043c \u0438\u043d\u0441\u043e\u043b\u0435\u043d\u0441 \u0441\u0438\u0442 \u0435\u0438. \u0415\u0430\u043c \u0432\u0438\u0434\u0435 \u0430\u043f\u043f\u0435\u0442\u0435\u0440\u0435 \u043d\u043e, \u0435\u0443\u043c \u0438\u043d\u0432\u0438\u0434\u0443\u043d\u0442 \u0434\u0438\u0441\u043f\u0443\u0442\u0430\u043d\u0434\u043e \u0446\u0443. \u0415\u0430\u043c \u0442\u0435 \u0441\u0430\u043f\u0435\u0440\u0435\u0442 \u0435\u0445\u043f\u0435\u0442\u0435\u043d\u0434\u0430 \u0438\u043c\u043f\u0435\u0440\u0434\u0438\u0435\u0442, \u044f\u0443\u043e \u0435\u0440\u0438\u043f\u0443\u0438\u0442 \u0434\u043e\u043b\u043e\u0440\u0435\u043c \u043e\u0446\u0443\u0440\u0440\u0435\u0440\u0435\u0442 \u0446\u0443, \u0432\u0438\u043c \u0444\u0435\u0440\u0440\u0438 \u0438\u0440\u0438\u0443\u0440\u0435 \u0435\u0440\u0443\u0434\u0438\u0442\u0438 \u0435\u0430. \u0415\u0438 \u0432\u0435\u0440\u0438 \u0444\u0443\u0433\u0438\u0442 \u0438\u0443\u0441\u0442\u043e \u0445\u0430\u0441, \u043e\u043c\u043d\u0435\u0441 \u043d\u043e\u0441\u0442\u0440\u0443\u0434 \u043f\u0435\u0440 \u0435\u0438.</p>\r\n\r\n<h3>\u041b\u043e\u0440\u0435\u043c \u0438\u043f\u0441\u0443\u043c</h3>\r\n\r\n<ul>\r\n<li>dolor sit amet</li>\r\n<li>consectetur adipiscing elit</li>\r\n<li>\u0435\u0443 \u043d\u0430\u043c \u043f\u043e\u0440\u0440\u043e \u043d\u043e\u043c\u0438\u043d\u0430\u0442\u0438 \u0446\u043e\u0442\u0438\u0434\u0438\u0435\u044f\u0443\u0435</li>\r\n<li>\u0434\u043e\u043b\u043e\u0440\u0435\u043c \u043e\u0446\u0443\u0440\u0440\u0435\u0440\u0435\u0442 \u0446\u0443</li>\r\n</ul>\r\n\r\n<h3>\u041b\u043e\u0440\u0435\u043c \u0438\u043f\u0441\u0443\u043c</h3>\r\n\r\n<p>Lorem ipsum dolor sit amet, consectetur adipiscing elit, sed do eiusmod tempor incididunt ut labore et dolore magna aliqua. Ut enim ad minim veniam, quis nostrud exercitation ullamco laboris nisi ut aliquip ex ea commodo consequat.</p>", "price": "1990.00", "stock": 6, "available": true, "created": "2023-01-15T13:22:58.163Z", "updated": "2023-01-25T12:50:47.457Z", "manufacturer": "RoboSound", "limited": true}}, {"model": "app_product.product", "pk": 26, "fields": {"category": 9, "vendor": 3, "name": "RoboSound RX-11", "description": "<h2>\u041b\u043e\u0440\u0435\u043c \u0438\u043f\u0441\u0443\u043c</h2>\r\n\r\n<h3>\u041b\u043e\u0440\u0435\u043c \u0438\u043f\u0441\u0443\u043c</h3>\r\n\r\n<p>\u041b\u043e\u0440\u0435\u043c \u0438\u043f\u0441\u0443\u043c \u0434\u043e\u043b\u043e\u0440 \u0441\u0438\u0442 \u0430\u043c\u0435\u0442, \u044f\u0443\u0430\u0441 \u0434\u0435\u043b\u0435\u043d\u0438\u0442\u0438 \u043b\u0435\u0433\u0435\u043d\u0434\u043e\u0441 \u0435\u0445 \u0435\u043e\u0441, \u0435\u0443 \u043d\u0430\u043c \u043f\u043e\u0440\u0440\u043e \u043d\u043e\u043c\u0438\u043d\u0430\u0442\u0438 \u0446\u043e\u0442\u0438\u0434\u0438\u0435\u044f\u0443\u0435. \u0410\u0434 \u0444\u0435\u0440\u0440\u0438 \u0434\u043e\u043b\u043e\u0440\u0435\u043c \u043d\u0430\u043c, \u0438\u043d \u0432\u0438\u0441 \u0435\u0440\u0430\u0442 \u044f\u0443\u0438\u0434\u0430\u043c \u043d\u0435\u043c\u043e\u0440\u0435. \u0415\u0430 \u0445\u0438\u0441 \u0432\u0438\u0434\u0435 \u044f\u0443\u0430\u0435\u044f\u0443\u0435 \u0435\u0445\u043f\u0435\u0442\u0435\u043d\u0434\u0430, \u043c\u0430\u0438\u043e\u0440\u0443\u043c \u0438\u043d\u0441\u043e\u043b\u0435\u043d\u0441 \u0441\u0438\u0442 \u0435\u0438. \u0415\u0430\u043c \u0432\u0438\u0434\u0435 \u0430\u043f\u043f\u0435\u0442\u0435\u0440\u0435 \u043d\u043e, \u0435\u0443\u043c \u0438\u043d\u0432\u0438\u0434\u0443\u043d\u0442 \u0434\u0438\u0441\u043f\u0443\u0442\u0430\u043d\u0434\u043e \u0446\u0443. \u0415\u0430\u043c \u0442\u0435 \u0441\u0430\u043f\u0435\u0440\u0435\u0442 \u0435\u0445\u043f\u0435\u0442\u0435\u043d\u0434\u0430 \u0438\u043c\u043f\u0435\u0440\u0434\u0438\u0435\u0442, \u044f\u0443\u043e \u0435\u0440\u0438\u043f\u0443\u0438\u0442 \u0434\u043e\u043b\u043e\u0440\u0435\u043c \u043e\u0446\u0443\u0440\u0440\u0435\u0440\u0435\u0442 \u0446\u0443, \u0432\u0438\u043c \u0444\u0435\u0440\u0440\u0438 \u0438\u0440\u0438\u0443\u0440\u0435 \u0435\u0440\u0443\u0434\u0438\u0442\u0438 \u0435\u0430. \u0415\u0438 \u0432\u0435\u0440\u0438 \u0444\u0443\u0433\u0438\u0442 \u0438\u0443\u0441\u0442\u043e \u0445\u0430\u0441, \u043e\u043c\u043d\u0435\u0441 \u043d\u043e\u0441\u0442\u0440\u0443\u0434 \u043f\u0435\u0440 \u0435\u0438.</p>\r\n\r\n<h3>\u041b\u043e\u0440\u0435\u043c \u0438\u043f\u0441\u0443\u043c</h3>\r\n\r\n<ul>\r\n<li>dolor sit amet</li>\r\n<li>consectetur adipiscing elit</li>\r\n<li>\u0435\u0443 \u043d\u0430\u043c \u043f\u043e\u0440\u0440\u043e \u043d\u043e\u043c\u0438\u043d\u0430\u0442\u0438 \u0446\u043e\u0442\u0438\u0434\u0438\u0435\u044f\u0443\u0435</li>\r\n<li>\u0434\u043e\u043b\u043e\u0440\u0435\u043c \u043e\u0446\u0443\u0440\u0440\u0435\u0440\u0435\u0442 \u0446\u0443</li>\r\n</ul>\r\n\r\n<h3>\u041b\u043e\u0440\u0435\u043c \u0438\u043f\u0441\u0443\u043c</h3>\r\n\r\n<p>Lorem ipsum dolor sit amet, consectetur adipiscing elit, sed do eiusmod tempor incididunt ut labore et dolore magna aliqua. Ut enim ad minim veniam, quis nostrud exercitation ullamco laboris nisi ut aliquip ex ea commodo consequat.</p>", "price": "6790.00", "stock": 39, "available": true, "created": "2023-01-15T13:24:12.155Z", "updated": "2023-01-17T18:37:11.005Z", "manufacturer": "RoboSound", "limited": false}}, {"model": "app_product.product", "pk": 27, "fields": {"category": 9, "vendor": 1, "name": "RoboSound RX-12", "description": "<h2>\u041b\u043e\u0440\u0435\u043c \u0438\u043f\u0441\u0443\u043c</h2>\r\n\r\n<h3>\u041b\u043e\u0440\u0435\u043c \u0438\u043f\u0441\u0443\u043c</h3>\r\n\r\n<p>\u041b\u043e\u0440\u0435\u043c \u0438\u043f\u0441\u0443\u043c \u0434\u043e\u043b\u043e\u0440 \u0441\u0438\u0442 \u0430\u043c\u0435\u0442, \u044f\u0443\u0430\u0441 \u0434\u0435\u043b\u0435\u043d\u0438\u0442\u0438 \u043b\u0435\u0433\u0435\u043d\u0434\u043e\u0441 \u0435\u0445 \u0435\u043e\u0441, \u0435\u0443 \u043d\u0430\u043c \u043f\u043e\u0440\u0440\u043e \u043d\u043e\u043c\u0438\u043d\u0430\u0442\u0438 \u0446\u043e\u0442\u0438\u0434\u0438\u0435\u044f\u0443\u0435. \u0410\u0434 \u0444\u0435\u0440\u0440\u0438 \u0434\u043e\u043b\u043e\u0440\u0435\u043c \u043d\u0430\u043c, \u0438\u043d \u0432\u0438\u0441 \u0435\u0440\u0430\u0442 \u044f\u0443\u0438\u0434\u0430\u043c \u043d\u0435\u043c\u043e\u0440\u0435. \u0415\u0430 \u0445\u0438\u0441 \u0432\u0438\u0434\u0435 \u044f\u0443\u0430\u0435\u044f\u0443\u0435 \u0435\u0445\u043f\u0435\u0442\u0435\u043d\u0434\u0430, \u043c\u0430\u0438\u043e\u0440\u0443\u043c \u0438\u043d\u0441\u043e\u043b\u0435\u043d\u0441 \u0441\u0438\u0442 \u0435\u0438. \u0415\u0430\u043c \u0432\u0438\u0434\u0435 \u0430\u043f\u043f\u0435\u0442\u0435\u0440\u0435 \u043d\u043e, \u0435\u0443\u043c \u0438\u043d\u0432\u0438\u0434\u0443\u043d\u0442 \u0434\u0438\u0441\u043f\u0443\u0442\u0430\u043d\u0434\u043e \u0446\u0443. \u0415\u0430\u043c \u0442\u0435 \u0441\u0430\u043f\u0435\u0440\u0435\u0442 \u0435\u0445\u043f\u0435\u0442\u0435\u043d\u0434\u0430 \u0438\u043c\u043f\u0435\u0440\u0434\u0438\u0435\u0442, \u044f\u0443\u043e \u0435\u0440\u0438\u043f\u0443\u0438\u0442 \u0434\u043e\u043b\u043e\u0440\u0435\u043c \u043e\u0446\u0443\u0440\u0440\u0435\u0440\u0435\u0442 \u0446\u0443, \u0432\u0438\u043c \u0444\u0435\u0440\u0440\u0438 \u0438\u0440\u0438\u0443\u0440\u0435 \u0435\u0440\u0443\u0434\u0438\u0442\u0438 \u0435\u0430. \u0415\u0438 \u0432\u0435\u0440\u0438 \u0444\u0443\u0433\u0438\u0442 \u0438\u0443\u0441\u0442\u043e \u0445\u0430\u0441, \u043e\u043c\u043d\u0435\u0441 \u043d\u043e\u0441\u0442\u0440\u0443\u0434 \u043f\u0435\u0440 \u0435\u0438.</p>\r\n\r\n<h3>\u041b\u043e\u0440\u0435\u043c \u0438\u043f\u0441\u0443\u043c</h3>\r\n\r\n<ul>\r\n<li>dolor sit amet</li>\r\n<li>consectetur adipiscing elit</li>\r\n<li>\u0435\u0443 \u043d\u0430\u043c \u043f\u043e\u0440\u0440\u043e \u043d\u043e\u043c\u0438\u043d\u0430\u0442\u0438 \u0446\u043e\u0442\u0438\u0434\u0438\u0435\u044f\u0443\u0435</li>\r\n<li>\u0434\u043e\u043b\u043e\u0440\u0435\u043c \u043e\u0446\u0443\u0440\u0440\u0435\u0440\u0435\u0442 \u0446\u0443</li>\r\n</ul>\r\n\r\n<h3>\u041b\u043e\u0440\u0435\u043c \u0438\u043f\u0441\u0443\u043c</h3>\r\n\r\n<p>Lorem ipsum dolor sit amet, consectetur adipiscing elit, sed do eiusmod tempor incididunt ut labore et dolore magna aliqua. Ut enim ad minim veniam, quis nostrud exercitation ullamco laboris nisi ut aliquip ex ea commodo consequat.</p>", "price": "13700.00", "stock": 46, "available": true, "created": "2023-01-15T13:25:53.033Z", "updated": "2023-01-17T18:36:44.258Z", "manufacturer": "RoboSound", "limited": false}}, {"model": "app_product.product", "pk": 28, "fields": {"category": 9, "vendor": 2, "name": "RoboSound RX-10", "description": "<h2>\u041b\u043e\u0440\u0435\u043c \u0438\u043f\u0441\u0443\u043c</h2>\r\n\r\n<h3>\u041b\u043e\u0440\u0435\u043c \u0438\u043f\u0441\u0443\u043c</h3>\r\n\r\n<p>\u041b\u043e\u0440\u0435\u043c \u0438\u043f\u0441\u0443\u043c \u0434\u043e\u043b\u043e\u0440 \u0441\u0438\u0442 \u0430\u043c\u0435\u0442, \u044f\u0443\u0430\u0441 \u0434\u0435\u043b\u0435\u043d\u0438\u0442\u0438 \u043b\u0435\u0433\u0435\u043d\u0434\u043e\u0441 \u0435\u0445 \u0435\u043e\u0441, \u0435\u0443 \u043d\u0430\u043c \u043f\u043e\u0440\u0440\u043e \u043d\u043e\u043c\u0438\u043d\u0430\u0442\u0438 \u0446\u043e\u0442\u0438\u0434\u0438\u0435\u044f\u0443\u0435. \u0410\u0434 \u0444\u0435\u0440\u0440\u0438 \u0434\u043e\u043b\u043e\u0440\u0435\u043c \u043d\u0430\u043c, \u0438\u043d \u0432\u0438\u0441 \u0435\u0440\u0430\u0442 \u044f\u0443\u0438\u0434\u0430\u043c \u043d\u0435\u043c\u043e\u0440\u0435. \u0415\u0430 \u0445\u0438\u0441 \u0432\u0438\u0434\u0435 \u044f\u0443\u0430\u0435\u044f\u0443\u0435 \u0435\u0445\u043f\u0435\u0442\u0435\u043d\u0434\u0430, \u043c\u0430\u0438\u043e\u0440\u0443\u043c \u0438\u043d\u0441\u043e\u043b\u0435\u043d\u0441 \u0441\u0438\u0442 \u0435\u0438. \u0415\u0430\u043c \u0432\u0438\u0434\u0435 \u0430\u043f\u043f\u0435\u0442\u0435\u0440\u0435 \u043d\u043e, \u0435\u0443\u043c \u0438\u043d\u0432\u0438\u0434\u0443\u043d\u0442 \u0434\u0438\u0441\u043f\u0443\u0442\u0430\u043d\u0434\u043e \u0446\u0443. \u0415\u0430\u043c \u0442\u0435 \u0441\u0430\u043f\u0435\u0440\u0435\u0442 \u0435\u0445\u043f\u0435\u0442\u0435\u043d\u0434\u0430 \u0438\u043c\u043f\u0435\u0440\u0434\u0438\u0435\u0442, \u044f\u0443\u043e \u0435\u0440\u0438\u043f\u0443\u0438\u0442 \u0434\u043e\u043b\u043e\u0440\u0435\u043c \u043e\u0446\u0443\u0440\u0440\u0435\u0440\u0435\u0442 \u0446\u0443, \u0432\u0438\u043c \u0444\u0435\u0440\u0440\u0438 \u0438\u0440\u0438\u0443\u0440\u0435 \u0435\u0440\u0443\u0434\u0438\u0442\u0438 \u0435\u0430. \u0415\u0438 \u0432\u0435\u0440\u0438 \u0444\u0443\u0433\u0438\u0442 \u0438\u0443\u0441\u0442\u043e \u0445\u0430\u0441, \u043e\u043c\u043d\u0435\u0441 \u043d\u043e\u0441\u0442\u0440\u0443\u0434 \u043f\u0435\u0440 \u0435\u0438.</p>\r\n\r\n<h3>\u041b\u043e\u0440\u0435\u043c \u0438\u043f\u0441\u0443\u043c</h3>\r\n\r\n<ul>\r\n<li>dolor sit amet</li>\r\n<li>consectetur adipiscing elit</li>\r\n<li>\u0435\u0443 \u043d\u0430\u043c \u043f\u043e\u0440\u0440\u043e \u043d\u043e\u043c\u0438\u043d\u0430\u0442\u0438 \u0446\u043e\u0442\u0438\u0434\u0438\u0435\u044f\u0443\u0435</li>\r\n<li>\u0434\u043e\u043b\u043e\u0440\u0435\u043c \u043e\u0446\u0443\u0440\u0440\u0435\u0440\u0435\u0442 \u0446\u0443</li>\r\n</ul>\r\n\r\n<h3>\u041b\u043e\u0440\u0435\u043c \u0438\u043f\u0441\u0443\u043c</h3>\r\n\r\n<p>Lorem ipsum dolor sit amet, consectetur adipiscing elit, sed do eiusmod tempor incididunt ut labore et dolore magna aliqua. Ut enim ad minim veniam, quis nostrud exercitation ullamco laboris nisi ut aliquip ex ea commodo consequat.</p>", "price": "330.00", "stock": 24, "available": true, "created": "2023-01-15T13:27:25.631Z", "updated": "2023-01-17T18:36:03.193Z", "manufacturer": "FakeRoboSound", "limited": false}}, {"model": "app_product.product", "pk": 29, "fields": {"category": 10, "vendor": 3, "name": "RoboAlisa RX-10", "description": "<h2>\u041b\u043e\u0440\u0435\u043c \u0438\u043f\u0441\u0443\u043c</h2>\r\n\r\n<h3>\u041b\u043e\u0440\u0435\u043c \u0438\u043f\u0441\u0443\u043c</h3>\r\n\r\n<p>\u041b\u043e\u0440\u0435\u043c \u0438\u043f\u0441\u0443\u043c \u0434\u043e\u043b\u043e\u0440 \u0441\u0438\u0442 \u0430\u043c\u0435\u0442, \u044f\u0443\u0430\u0441 \u0434\u0435\u043b\u0435\u043d\u0438\u0442\u0438 \u043b\u0435\u0433\u0435\u043d\u0434\u043e\u0441 \u0435\u0445 \u0435\u043e\u0441, \u0435\u0443 \u043d\u0430\u043c \u043f\u043e\u0440\u0440\u043e \u043d\u043e\u043c\u0438\u043d\u0430\u0442\u0438 \u0446\u043e\u0442\u0438\u0434\u0438\u0435\u044f\u0443\u0435. \u0410\u0434 \u0444\u0435\u0440\u0440\u0438 \u0434\u043e\u043b\u043e\u0440\u0435\u043c \u043d\u0430\u043c, \u0438\u043d \u0432\u0438\u0441 \u0435\u0440\u0430\u0442 \u044f\u0443\u0438\u0434\u0430\u043c \u043d\u0435\u043c\u043e\u0440\u0435. \u0415\u0430 \u0445\u0438\u0441 \u0432\u0438\u0434\u0435 \u044f\u0443\u0430\u0435\u044f\u0443\u0435 \u0435\u0445\u043f\u0435\u0442\u0435\u043d\u0434\u0430, \u043c\u0430\u0438\u043e\u0440\u0443\u043c \u0438\u043d\u0441\u043e\u043b\u0435\u043d\u0441 \u0441\u0438\u0442 \u0435\u0438. \u0415\u0430\u043c \u0432\u0438\u0434\u0435 \u0430\u043f\u043f\u0435\u0442\u0435\u0440\u0435 \u043d\u043e, \u0435\u0443\u043c \u0438\u043d\u0432\u0438\u0434\u0443\u043d\u0442 \u0434\u0438\u0441\u043f\u0443\u0442\u0430\u043d\u0434\u043e \u0446\u0443. \u0415\u0430\u043c \u0442\u0435 \u0441\u0430\u043f\u0435\u0440\u0435\u0442 \u0435\u0445\u043f\u0435\u0442\u0435\u043d\u0434\u0430 \u0438\u043c\u043f\u0435\u0440\u0434\u0438\u0435\u0442, \u044f\u0443\u043e \u0435\u0440\u0438\u043f\u0443\u0438\u0442 \u0434\u043e\u043b\u043e\u0440\u0435\u043c \u043e\u0446\u0443\u0440\u0440\u0435\u0440\u0435\u0442 \u0446\u0443, \u0432\u0438\u043c \u0444\u0435\u0440\u0440\u0438 \u0438\u0440\u0438\u0443\u0440\u0435 \u0435\u0440\u0443\u0434\u0438\u0442\u0438 \u0435\u0430. \u0415\u0438 \u0432\u0435\u0440\u0438 \u0444\u0443\u0433\u0438\u0442 \u0438\u0443\u0441\u0442\u043e \u0445\u0430\u0441, \u043e\u043c\u043d\u0435\u0441 \u043d\u043e\u0441\u0442\u0440\u0443\u0434 \u043f\u0435\u0440 \u0435\u0438.</p>\r\n\r\n<h3>\u041b\u043e\u0440\u0435\u043c \u0438\u043f\u0441\u0443\u043c</h3>\r\n\r\n<ul>\r\n<li>dolor sit amet</li>\r\n<li>consectetur adipiscing elit</li>\r\n<li>\u0435\u0443 \u043d\u0430\u043c \u043f\u043e\u0440\u0440\u043e \u043d\u043e\u043c\u0438\u043d\u0430\u0442\u0438 \u0446\u043e\u0442\u0438\u0434\u0438\u0435\u044f\u0443\u0435</li>\r\n<li>\u0434\u043e\u043b\u043e\u0440\u0435\u043c \u043e\u0446\u0443\u0440\u0440\u0435\u0440\u0435\u0442 \u0446\u0443</li>\r\n</ul>\r\n\r\n<h3>\u041b\u043e\u0440\u0435\u043c \u0438\u043f\u0441\u0443\u043c</h3>\r\n\r\n<p>Lorem ipsum dolor sit amet, consectetur adipiscing elit, sed do eiusmod tempor incididunt ut labore et dolore magna aliqua. Ut enim ad minim veniam, quis nostrud exercitation ullamco laboris nisi ut aliquip ex ea commodo consequat.</p>", "price": "7890.00", "stock": 25, "available": true, "created": "2023-01-15T13:32:01.614Z", "updated": "2023-01-17T18:35:23.150Z", "manufacturer": "RoboAlisa", "limited": false}}, {"model": "app_product.product", "pk": 30, "fields": {"category": 10, "vendor": 3, "name": "RoboAlisa RX-11", "description": "<h2>\u041b\u043e\u0440\u0435\u043c \u0438\u043f\u0441\u0443\u043c</h2>\r\n\r\n<h3>\u041b\u043e\u0440\u0435\u043c \u0438\u043f\u0441\u0443\u043c</h3>\r\n\r\n<p>\u041b\u043e\u0440\u0435\u043c \u0438\u043f\u0441\u0443\u043c \u0434\u043e\u043b\u043e\u0440 \u0441\u0438\u0442 \u0430\u043c\u0435\u0442, \u044f\u0443\u0430\u0441 \u0434\u0435\u043b\u0435\u043d\u0438\u0442\u0438 \u043b\u0435\u0433\u0435\u043d\u0434\u043e\u0441 \u0435\u0445 \u0435\u043e\u0441, \u0435\u0443 \u043d\u0430\u043c \u043f\u043e\u0440\u0440\u043e \u043d\u043e\u043c\u0438\u043d\u0430\u0442\u0438 \u0446\u043e\u0442\u0438\u0434\u0438\u0435\u044f\u0443\u0435. \u0410\u0434 \u0444\u0435\u0440\u0440\u0438 \u0434\u043e\u043b\u043e\u0440\u0435\u043c \u043d\u0430\u043c, \u0438\u043d \u0432\u0438\u0441 \u0435\u0440\u0430\u0442 \u044f\u0443\u0438\u0434\u0430\u043c \u043d\u0435\u043c\u043e\u0440\u0435. \u0415\u0430 \u0445\u0438\u0441 \u0432\u0438\u0434\u0435 \u044f\u0443\u0430\u0435\u044f\u0443\u0435 \u0435\u0445\u043f\u0435\u0442\u0435\u043d\u0434\u0430, \u043c\u0430\u0438\u043e\u0440\u0443\u043c \u0438\u043d\u0441\u043e\u043b\u0435\u043d\u0441 \u0441\u0438\u0442 \u0435\u0438. \u0415\u0430\u043c \u0432\u0438\u0434\u0435 \u0430\u043f\u043f\u0435\u0442\u0435\u0440\u0435 \u043d\u043e, \u0435\u0443\u043c \u0438\u043d\u0432\u0438\u0434\u0443\u043d\u0442 \u0434\u0438\u0441\u043f\u0443\u0442\u0430\u043d\u0434\u043e \u0446\u0443. \u0415\u0430\u043c \u0442\u0435 \u0441\u0430\u043f\u0435\u0440\u0435\u0442 \u0435\u0445\u043f\u0435\u0442\u0435\u043d\u0434\u0430 \u0438\u043c\u043f\u0435\u0440\u0434\u0438\u0435\u0442, \u044f\u0443\u043e \u0435\u0440\u0438\u043f\u0443\u0438\u0442 \u0434\u043e\u043b\u043e\u0440\u0435\u043c \u043e\u0446\u0443\u0440\u0440\u0435\u0440\u0435\u0442 \u0446\u0443, \u0432\u0438\u043c \u0444\u0435\u0440\u0440\u0438 \u0438\u0440\u0438\u0443\u0440\u0435 \u0435\u0440\u0443\u0434\u0438\u0442\u0438 \u0435\u0430. \u0415\u0438 \u0432\u0435\u0440\u0438 \u0444\u0443\u0433\u0438\u0442 \u0438\u0443\u0441\u0442\u043e \u0445\u0430\u0441, \u043e\u043c\u043d\u0435\u0441 \u043d\u043e\u0441\u0442\u0440\u0443\u0434 \u043f\u0435\u0440 \u0435\u0438.</p>\r\n\r\n<h3>\u041b\u043e\u0440\u0435\u043c \u0438\u043f\u0441\u0443\u043c</h3>\r\n\r\n<ul>\r\n<li>dolor sit amet</li>\r\n<li>consectetur adipiscing elit</li>\r\n<li>\u0435\u0443 \u043d\u0430\u043c \u043f\u043e\u0440\u0440\u043e \u043d\u043e\u043c\u0438\u043d\u0430\u0442\u0438 \u0446\u043e\u0442\u0438\u0434\u0438\u0435\u044f\u0443\u0435</li>\r\n<li>\u0434\u043e\u043b\u043e\u0440\u0435\u043c \u043e\u0446\u0443\u0440\u0440\u0435\u0440\u0435\u0442 \u0446\u0443</li>\r\n</ul>\r\n\r\n<h3>\u041b\u043e\u0440\u0435\u043c \u0438\u043f\u0441\u0443\u043c</h3>\r\n\r\n<p>Lorem ipsum dolor sit amet, consectetur adipiscing elit, sed do eiusmod tempor incididunt ut labore et dolore magna aliqua. Ut enim ad minim veniam, quis nostrud exercitation ullamco laboris nisi ut aliquip ex ea commodo consequat.</p>", "price": "25590.00", "stock": 40, "available": true, "created": "2023-01-15T13:33:06.500Z", "updated": "2023-01-17T18:34:44.433Z", "manufacturer": "RoboAlisa", "limited": false}}, {"model": "app_product.product", "pk": 31, "fields": {"category": 10, "vendor": 1, "name": "RoboAlisa RX-12", "description": "<h2>\u041b\u043e\u0440\u0435\u043c \u0438\u043f\u0441\u0443\u043c</h2>\r\n\r\n<h3>\u041b\u043e\u0440\u0435\u043c \u0438\u043f\u0441\u0443\u043c</h3>\r\n\r\n<p>\u041b\u043e\u0440\u0435\u043c \u0438\u043f\u0441\u0443\u043c \u0434\u043e\u043b\u043e\u0440 \u0441\u0438\u0442 \u0430\u043c\u0435\u0442, \u044f\u0443\u0430\u0441 \u0434\u0435\u043b\u0435\u043d\u0438\u0442\u0438 \u043b\u0435\u0433\u0435\u043d\u0434\u043e\u0441 \u0435\u0445 \u0435\u043e\u0441, \u0435\u0443 \u043d\u0430\u043c \u043f\u043e\u0440\u0440\u043e \u043d\u043e\u043c\u0438\u043d\u0430\u0442\u0438 \u0446\u043e\u0442\u0438\u0434\u0438\u0435\u044f\u0443\u0435. \u0410\u0434 \u0444\u0435\u0440\u0440\u0438 \u0434\u043e\u043b\u043e\u0440\u0435\u043c \u043d\u0430\u043c, \u0438\u043d \u0432\u0438\u0441 \u0435\u0440\u0430\u0442 \u044f\u0443\u0438\u0434\u0430\u043c \u043d\u0435\u043c\u043e\u0440\u0435. \u0415\u0430 \u0445\u0438\u0441 \u0432\u0438\u0434\u0435 \u044f\u0443\u0430\u0435\u044f\u0443\u0435 \u0435\u0445\u043f\u0435\u0442\u0435\u043d\u0434\u0430, \u043c\u0430\u0438\u043e\u0440\u0443\u043c \u0438\u043d\u0441\u043e\u043b\u0435\u043d\u0441 \u0441\u0438\u0442 \u0435\u0438. \u0415\u0430\u043c \u0432\u0438\u0434\u0435 \u0430\u043f\u043f\u0435\u0442\u0435\u0440\u0435 \u043d\u043e, \u0435\u0443\u043c \u0438\u043d\u0432\u0438\u0434\u0443\u043d\u0442 \u0434\u0438\u0441\u043f\u0443\u0442\u0430\u043d\u0434\u043e \u0446\u0443. \u0415\u0430\u043c \u0442\u0435 \u0441\u0430\u043f\u0435\u0440\u0435\u0442 \u0435\u0445\u043f\u0435\u0442\u0435\u043d\u0434\u0430 \u0438\u043c\u043f\u0435\u0440\u0434\u0438\u0435\u0442, \u044f\u0443\u043e \u0435\u0440\u0438\u043f\u0443\u0438\u0442 \u0434\u043e\u043b\u043e\u0440\u0435\u043c \u043e\u0446\u0443\u0440\u0440\u0435\u0440\u0435\u0442 \u0446\u0443, \u0432\u0438\u043c \u0444\u0435\u0440\u0440\u0438 \u0438\u0440\u0438\u0443\u0440\u0435 \u0435\u0440\u0443\u0434\u0438\u0442\u0438 \u0435\u0430. \u0415\u0438 \u0432\u0435\u0440\u0438 \u0444\u0443\u0433\u0438\u0442 \u0438\u0443\u0441\u0442\u043e \u0445\u0430\u0441, \u043e\u043c\u043d\u0435\u0441 \u043d\u043e\u0441\u0442\u0440\u0443\u0434 \u043f\u0435\u0440 \u0435\u0438.</p>\r\n\r\n<h3>\u041b\u043e\u0440\u0435\u043c \u0438\u043f\u0441\u0443\u043c</h3>\r\n\r\n<ul>\r\n<li>dolor sit amet</li>\r\n<li>consectetur adipiscing elit</li>\r\n<li>\u0435\u0443 \u043d\u0430\u043c \u043f\u043e\u0440\u0440\u043e \u043d\u043e\u043c\u0438\u043d\u0430\u0442\u0438 \u0446\u043e\u0442\u0438\u0434\u0438\u0435\u044f\u0443\u0435</li>\r\n<li>\u0434\u043e\u043b\u043e\u0440\u0435\u043c \u043e\u0446\u0443\u0440\u0440\u0435\u0440\u0435\u0442 \u0446\u0443</li>\r\n</ul>\r\n\r\n<h3>\u041b\u043e\u0440\u0435\u043c \u0438\u043f\u0441\u0443\u043c</h3>\r\n\r\n<p>Lorem ipsum dolor sit amet, consectetur adipiscing elit, sed do eiusmod tempor incididunt ut labore et dolore magna aliqua. Ut enim ad minim veniam, quis nostrud exercitation ullamco laboris nisi ut aliquip ex ea commodo consequat.</p>", "price": "36990.00", "stock": 6, "available": true, "created": "2023-01-15T13:34:29.381Z", "updated": "2023-01-17T18:34:23.045Z", "manufacturer": "RoboAlisa", "limited": true}}, {"model": "app_product.product", "pk": 32, "fields": {"category": 10, "vendor": 2, "name": "FakeRoboAlisa RX-10", "description": "<h2>\u041b\u043e\u0440\u0435\u043c \u0438\u043f\u0441\u0443\u043c</h2>\r\n\r\n<h3>\u041b\u043e\u0440\u0435\u043c \u0438\u043f\u0441\u0443\u043c</h3>\r\n\r\n<p>\u041b\u043e\u0440\u0435\u043c \u0438\u043f\u0441\u0443\u043c \u0434\u043e\u043b\u043e\u0440 \u0441\u0438\u0442 \u0430\u043c\u0435\u0442, \u044f\u0443\u0430\u0441 \u0434\u0435\u043b\u0435\u043d\u0438\u0442\u0438 \u043b\u0435\u0433\u0435\u043d\u0434\u043e\u0441 \u0435\u0445 \u0435\u043e\u0441, \u0435\u0443 \u043d\u0430\u043c \u043f\u043e\u0440\u0440\u043e \u043d\u043e\u043c\u0438\u043d\u0430\u0442\u0438 \u0446\u043e\u0442\u0438\u0434\u0438\u0435\u044f\u0443\u0435. \u0410\u0434 \u0444\u0435\u0440\u0440\u0438 \u0434\u043e\u043b\u043e\u0440\u0435\u043c \u043d\u0430\u043c, \u0438\u043d \u0432\u0438\u0441 \u0435\u0440\u0430\u0442 \u044f\u0443\u0438\u0434\u0430\u043c \u043d\u0435\u043c\u043e\u0440\u0435. \u0415\u0430 \u0445\u0438\u0441 \u0432\u0438\u0434\u0435 \u044f\u0443\u0430\u0435\u044f\u0443\u0435 \u0435\u0445\u043f\u0435\u0442\u0435\u043d\u0434\u0430, \u043c\u0430\u0438\u043e\u0440\u0443\u043c \u0438\u043d\u0441\u043e\u043b\u0435\u043d\u0441 \u0441\u0438\u0442 \u0435\u0438. \u0415\u0430\u043c \u0432\u0438\u0434\u0435 \u0430\u043f\u043f\u0435\u0442\u0435\u0440\u0435 \u043d\u043e, \u0435\u0443\u043c \u0438\u043d\u0432\u0438\u0434\u0443\u043d\u0442 \u0434\u0438\u0441\u043f\u0443\u0442\u0430\u043d\u0434\u043e \u0446\u0443. \u0415\u0430\u043c \u0442\u0435 \u0441\u0430\u043f\u0435\u0440\u0435\u0442 \u0435\u0445\u043f\u0435\u0442\u0435\u043d\u0434\u0430 \u0438\u043c\u043f\u0435\u0440\u0434\u0438\u0435\u0442, \u044f\u0443\u043e \u0435\u0440\u0438\u043f\u0443\u0438\u0442 \u0434\u043e\u043b\u043e\u0440\u0435\u043c \u043e\u0446\u0443\u0440\u0440\u0435\u0440\u0435\u0442 \u0446\u0443, \u0432\u0438\u043c \u0444\u0435\u0440\u0440\u0438 \u0438\u0440\u0438\u0443\u0440\u0435 \u0435\u0440\u0443\u0434\u0438\u0442\u0438 \u0435\u0430. \u0415\u0438 \u0432\u0435\u0440\u0438 \u0444\u0443\u0433\u0438\u0442 \u0438\u0443\u0441\u0442\u043e \u0445\u0430\u0441, \u043e\u043c\u043d\u0435\u0441 \u043d\u043e\u0441\u0442\u0440\u0443\u0434 \u043f\u0435\u0440 \u0435\u0438.</p>\r\n\r\n<h3>\u041b\u043e\u0440\u0435\u043c \u0438\u043f\u0441\u0443\u043c</h3>\r\n\r\n<ul>\r\n<li>dolor sit amet</li>\r\n<li>consectetur adipiscing elit</li>\r\n<li>\u0435\u0443 \u043d\u0430\u043c \u043f\u043e\u0440\u0440\u043e \u043d\u043e\u043c\u0438\u043d\u0430\u0442\u0438 \u0446\u043e\u0442\u0438\u0434\u0438\u0435\u044f\u0443\u0435</li>\r\n<li>\u0434\u043e\u043b\u043e\u0440\u0435\u043c \u043e\u0446\u0443\u0440\u0440\u0435\u0440\u0435\u0442 \u0446\u0443</li>\r\n</ul>\r\n\r\n<h3>\u041b\u043e\u0440\u0435\u043c \u0438\u043f\u0441\u0443\u043c</h3>\r\n\r\n<p>Lorem ipsum dolor sit amet, consectetur adipiscing elit, sed do eiusmod tempor incididunt ut labore et dolore magna aliqua. Ut enim ad minim veniam, quis nostrud exercitation ullamco laboris nisi ut aliquip ex ea commodo consequat.</p>", "price": "990.00", "stock": 32, "available": true, "created": "2023-01-15T13:35:31.754Z", "updated": "2023-01-17T18:33:41.698Z", "manufacturer": "Fake-RoboAlisa", "limited": false}}, {"model": "app_product.product", "pk": 33, "fields": {"category": 9, "vendor": 2, "name": "\u041e\u0447\u0435\u043d\u044c \u0434\u043b\u0438\u043d\u043d\u043e\u0435 \u043d\u0430\u0437\u0432\u0430\u043d\u0438\u0435 \u041e\u0447\u0435\u043d\u044c \u0434\u043b\u0438\u043d\u043d\u043e\u0435 \u043d\u0430\u0437\u0432\u0430\u043d\u0438\u0435 \u041e\u0447\u0435\u043d\u044c \u0434\u043b\u0438\u043d\u043d\u043e\u0435 \u043d\u0430\u0437\u0432\u0430\u043d\u0438\u0435 \u041e\u0447\u0435\u043d\u044c \u0434\u043b\u0438\u043d\u043d\u043e\u0435 \u043d\u0430\u0437\u0432\u0430\u043d\u0438\u0435 \u041e\u0447\u0435\u043d\u044c \u0434\u043b\u0438\u043d\u043d\u043e\u0435 \u043d\u0430\u0437\u0432\u0430\u043d\u0438\u0435 \u041e\u0447\u0435\u043d\u044c \u0434\u043b\u0438\u043d\u043d\u043e\u0435 \u043d\u0430\u0437\u0432\u0430\u043d\u0438\u0435 \u041e\u0447\u0435\u043d\u044c \u0434\u043b\u0438\u043d\u043d\u043e\u0435 \u043d\u0430\u0437\u0432\u0430\u043d\u0438\u0435 \u041e\u0447\u0435\u043d\u044c \u0434\u043b\u0438\u043d\u043d\u043e\u0435 \u043d\u0430\u0437\u0432\u0430\u043d\u0438\u0435 \u041e\u0447\u0435\u043d\u044c \u0434\u043b\u0438\u043d\u043d\u043e\u0435 \u043d\u0430", "description": "\u0442\u0435\u0441\u0442 \u0442\u0435\u0441\u0442", "price": "99.37", "stock": 34, "available": true, "created": "2023-01-22T08:55:12.971Z", "updated": "2023-01-22T10:35:19.699Z", "manufacturer": "Robophone", "limited": true}}, {"model": "app_product.parametername", "pk": 1, "fields": {"name": "\u0414\u0438\u0430\u0433\u043e\u043d\u0430\u043b\u044c \u0434\u0438\u0441\u043f\u043b\u0435\u044f (\u0434\u044e\u0439\u043c.)"}}, {"model": "app_product.parametername", "pk": 2, "fields": {"name": "\u0401\u043c\u043a\u043e\u0441\u0442\u044c \u0430\u043a\u043a\u0443\u043c\u0443\u043b\u044f\u0442\u043e\u0440\u0430 (mAh)"}}, {"model": "app_product.parametername", "pk": 3, "fields": {"name": "\u0413\u0430\u0440\u0430\u043d\u0442\u0438\u044f"}}, {"model": "app_product.parametername", "pk": 4, "fields": {"name": "\u0412\u0435\u0441"}}, {"model": "app_product.parameter", "pk": 1, "fields": {"parameter": 3, "value": 1, "products": [28, 32, 20, 24, 16, 8, 17, 5, 2, 13, 9, 21]}}, {"model": "app_product.parameter", "pk": 2, "fields": {"parameter": 3, "value": 2, "products": [25, 26, 29, 12, 31, 19, 1, 14, 6, 10, 3, 22]}}, {"model": "app_product.parameter", "pk": 3, "fields": {"parameter": 3, "value": 3, "products": [4, 27, 30, 18, 11, 15, 7, 23]}}, {"model": "app_product.parameter", "pk": 4, "fields": {"parameter": 4, "value": 4, "products": [28, 32, 20, 5, 2, 13, 1, 9, 21]}}, {"model": "app_product.parameter", "pk": 5, "fields": {"parameter": 4, "value": 5, "products": [26, 17, 31, 19, 14, 6, 10, 3, 22]}}, {"model": "app_product.parameter", "pk": 6, "fields": {"parameter": 4, "value": 6, "products": [4, 24, 27, 8, 30, 18, 15, 7, 23]}}, {"model": "app_product.parameter", "pk": 7, "fields": {"parameter": 4, "value": 7, "products": [25, 29, 12, 16, 11]}}, {"model": "app_product.parameter", "pk": 8, "fields": {"parameter": 1, "value": 8, "products": [28, 32, 20, 29, 12, 5, 2, 13, 9, 21]}}, {"model": "app_product.parameter", "pk": 9, "fields": {"parameter": 1, "value": 9, "products": [25, 26, 24, 8, 17, 31, 19, 1, 14, 6, 10, 3, 22]}}, {"model": "app_product.parameter", "pk": 10, "fields": {"parameter": 1, "value": 10, "products": [4, 16, 27, 30, 18, 11, 15, 7, 23]}}, {"model": "app_product.parameter", "pk": 11, "fields": {"parameter": 2, "value": 11, "products": [28, 32, 25, 20, 24, 5, 2, 13, 1, 9, 21]}}, {"model": "app_product.parameter", "pk": 12, "fields": {"parameter": 2, "value": 12, "products": [12, 17, 14, 6, 10, 3]}}, {"model": "app_product.parameter", "pk": 13, "fields": {"parameter": 2, "value": 13, "products": [26, 29, 4, 16, 27, 8, 30, 18, 11, 31, 19, 15, 7, 23, 22]}}, {"model": "app_product.parametervalue", "pk": 1, "fields": {"value": "6 \u043c\u0435\u0441."}}, {"model": "app_product.parametervalue", "pk": 2, "fields": {"value": "1 \u0433\u043e\u0434"}}, {"model": "app_product.parametervalue", "pk": 3, "fields": {"value": "2 \u0433\u043e\u0434\u0430"}}, {"model": "app_product.parametervalue", "pk": 4, "fields": {"value": "199 \u0433"}}, {"model": "app_product.parametervalue", "pk": 5, "fields": {"value": "355 \u0433"}}, {"model": "app_product.parametervalue", "pk": 6, "fields": {"value": "1 \u043a\u0433"}}, {"model": "app_product.parametervalue", "pk": 7, "fields": {"value": "55 \u043a\u0433"}}, {"model": "app_product.parametervalue", "pk": 8, "fields": {"value": "10.99"}}, {"model": "app_product.parametervalue", "pk": 9, "fields": {"value": "6.3"}}, {"model": "app_product.parametervalue", "pk": 10, "fields": {"value": "5.5"}}, {"model": "app_product.parametervalue", "pk": 11, "fields": {"value": "4000"}}, {"model": "app_product.parametervalue", "pk": 12, "fields": {"value": "10000"}}, {"model": "app_product.parametervalue", "pk": 13, "fields": {"value": "3600"}}, {"model": "app_product.image", "pk": 1, "fields": {"image": "products/2023/01/17/mobile.jpg", "product": 1}}, {"model": "app_product.image", "pk": 2, "fields": {"image": "products/2023/01/17/\u0421\u043a\u0440\u0438\u043d\u0448\u043e\u0442_15-01-2023_112013.jpg", "product": 1}}, {"model": "app_product.image", "pk": 3, "fields": {"image": "products/2023/01/17/\u0421\u043a\u0440\u0438\u043d\u0448\u043e\u0442_15-01-2023_112124.jpg", "product": 1}}, {"model": "app_product.image", "pk": 4, "fields": {"image": "products/2023/01/17/mobile_Ew5XjPW.jpg", "product": 2}}, {"model": "app_product.image", "pk": 5, "fields": {"image": "products/2023/01/17/videoca.png", "product": 2}}, {"model": "app_product.image", "pk": 6, "fields": {"image": "products/2023/01/17/bigGoods.png", "product": 2}}, {"model": "app_product.image", "pk": 7, "fields": {"image": "products/2023/01/17/mobile_7twdM8x.jpg", "product": 3}}, {"model": "app_product.image", "pk": 8, "fields": {"image": "products/2023/01/17/\u0421\u043a\u0440\u0438\u043d\u0448\u043e\u0442_15-01-2023_112013_lswaEuH.jpg", "product": 3}}, {"model": "app_product.image", "pk": 9, "fields": {"image": "products/2023/01/17/\u0421\u043a\u0440\u0438\u043d\u0448\u043e\u0442_15-01-2023_111647.jpg", "product": 3}}, {"model": "app_product.image", "pk": 10, "fields": {"image": "products/2023/01/17/mobile_Qew0NWt.jpg", "product": 4}}, {"model": "app_product.image", "pk": 11, "fields": {"image": "products/2023/01/17/product.png", "product": 5}}, {"model": "app_product.image", "pk": 12, "fields": {"image": "products/2023/01/17/card.jpg", "product": 5}}, {"model": "app_product.image", "pk": 13, "fields": {"image": "products/2023/01/17/slider.png", "product": 5}}, {"model": "app_product.image", "pk": 14, "fields": {"image": "products/2023/01/17/product_5rwkhyt.png", "product": 6}}, {"model": "app_product.image", "pk": 15, "fields": {"image": "products/2023/01/17/slider_AIzulIG.png", "product": 6}}, {"model": "app_product.image", "pk": 16, "fields": {"image": "products/2023/01/17/\u0421\u043a\u0440\u0438\u043d\u0448\u043e\u0442_15-01-2023_112124_ylDkOEj.jpg", "product": 6}}, {"model": "app_product.image", "pk": 17, "fields": {"image": "products/2023/01/17/product_TTxvMTS.png", "product": 7}}, {"model": "app_product.image", "pk": 18, "fields": {"image": "products/2023/01/17/slider_HKVRutc.png", "product": 7}}, {"model": "app_product.image", "pk": 19, "fields": {"image": "products/2023/01/17/videoca_33weQz9.png", "product": 7}}, {"model": "app_product.image", "pk": 20, "fields": {"image": "products/2023/01/17/product_8eO2EhD.png", "product": 8}}, {"model": "app_product.image", "pk": 21, "fields": {"image": "products/2023/01/17/\u0421\u043a\u0440\u0438\u043d\u0448\u043e\u0442_15-01-2023_112124_8xTSE6l.jpg", "product": 9}}, {"model": "app_product.image", "pk": 22, "fields": {"image": "products/2023/01/17/videoca_aFr9cDJ.png", "product": 9}}, {"model": "app_product.image", "pk": 23, "fields": {"image": "products/2023/01/17/bigGoods_7eKpj7B.png", "product": 9}}, {"model": "app_product.image", "pk": 24, "fields": {"image": "products/2023/01/17/\u0421\u043a\u0440\u0438\u043d\u0448\u043e\u0442_15-01-2023_112124_FUtoxuF.jpg", "product": 10}}, {"model": "app_product.image", "pk": 25, "fields": {"image": "products/2023/01/17/mobile_YnfrXmy.jpg", "product": 10}}, {"model": "app_product.image", "pk": 26, "fields": {"image": "products/2023/01/17/\u0421\u043a\u0440\u0438\u043d\u0448\u043e\u0442_15-01-2023_111647_ZQNJ6oH.jpg", "product": 10}}, {"model": "app_product.image", "pk": 27, "fields": {"image": "products/2023/01/17/\u0421\u043a\u0440\u0438\u043d\u0448\u043e\u0442_15-01-2023_112124_APOYqb9.jpg", "product": 11}}, {"model": "app_product.image", "pk": 28, "fields": {"image": "products/2023/01/17/\u0421\u043a\u0440\u0438\u043d\u0448\u043e\u0442_15-01-2023_111647_tZFYBmQ.jpg", "product": 11}}, {"model": "app_product.image", "pk": 29, "fields": {"image": "products/2023/01/17/\u0421\u043a\u0440\u0438\u043d\u0448\u043e\u0442_15-01-2023_112124_EW5pB1h.jpg", "product": 12}}, {"model": "app_product.image", "pk": 30, "fields": {"image": "products/2023/01/17/card_0Je9lKK.jpg", "product": 13}}, {"model": "app_product.image", "pk": 31, "fields": {"image": "products/2023/01/17/bigGoods_NS54vOx.png", "product": 13}}, {"model": "app_product.image", "pk": 32, "fields": {"image": "products/2023/01/17/slider_y1mi1iX.png", "product": 13}}, {"model": "app_product.image", "pk": 33, "fields": {"image": "products/2023/01/17/bigGoods_wEbINpf.png", "product": 14}}, {"model": "app_product.image", "pk": 34, "fields": {"image": "products/2023/01/17/card_hWk1dCb.jpg", "product": 14}}, {"model": "app_product.image", "pk": 35, "fields": {"image": "products/2023/01/17/\u0421\u043a\u0440\u0438\u043d\u0448\u043e\u0442_15-01-2023_112124_WXrQEe8.jpg", "product": 14}}, {"model": "app_product.image", "pk": 36, "fields": {"image": "products/2023/01/17/bigGoods_3vRQygA.png", "product": 15}}, {"model": "app_product.image", "pk": 37, "fields": {"image": "products/2023/01/17/\u0421\u043a\u0440\u0438\u043d\u0448\u043e\u0442_15-01-2023_112013_0hexZQT.jpg", "product": 15}}, {"model": "app_product.image", "pk": 38, "fields": {"image": "products/2023/01/17/videoca_ycXtMlT.png", "product": 15}}, {"model": "app_product.image", "pk": 39, "fields": {"image": "products/2023/01/17/card_pcQT38p.jpg", "product": 16}}, {"model": "app_product.image", "pk": 40, "fields": {"image": "products/2023/01/17/mobile_Bhk5KGr.jpg", "product": 16}}, {"model": "app_product.image", "pk": 41, "fields": {"image": "products/2023/01/17/\u0421\u043a\u0440\u0438\u043d\u0448\u043e\u0442_15-01-2023_112013_BctDj6Q.jpg", "product": 16}}, {"model": "app_product.image", "pk": 42, "fields": {"image": "products/2023/01/17/\u0421\u043a\u0440\u0438\u043d\u0448\u043e\u0442_15-01-2023_112013_QGyATMC.jpg", "product": 32}}, {"model": "app_product.image", "pk": 43, "fields": {"image": "products/2023/01/17/\u0421\u043a\u0440\u0438\u043d\u0448\u043e\u0442_15-01-2023_111942_1iF3Jh0.jpg", "product": 32}}, {"model": "app_product.image", "pk": 44, "fields": {"image": "products/2023/01/17/\u0421\u043a\u0440\u0438\u043d\u0448\u043e\u0442_15-01-2023_112013_K4WlFqF.jpg", "product": 31}}, {"model": "app_product.image", "pk": 45, "fields": {"image": "products/2023/01/17/slider_vlfuBIV.png", "product": 31}}, {"model": "app_product.image", "pk": 46, "fields": {"image": "products/2023/01/17/\u0421\u043a\u0440\u0438\u043d\u0448\u043e\u0442_15-01-2023_111647_iTUKZRc.jpg", "product": 31}}, {"model": "app_product.image", "pk": 47, "fields": {"image": "products/2023/01/17/\u0421\u043a\u0440\u0438\u043d\u0448\u043e\u0442_15-01-2023_112013_pYpECk5.jpg", "product": 30}}, {"model": "app_product.image", "pk": 48, "fields": {"image": "products/2023/01/17/mobile_UetNQmc.jpg", "product": 30}}, {"model": "app_product.image", "pk": 49, "fields": {"image": "products/2023/01/17/\u0421\u043a\u0440\u0438\u043d\u0448\u043e\u0442_15-01-2023_111647_MpmqZdp.jpg", "product": 30}}, {"model": "app_product.image", "pk": 50, "fields": {"image": "products/2023/01/17/\u0421\u043a\u0440\u0438\u043d\u0448\u043e\u0442_15-01-2023_112013_yE7jNbP.jpg", "product": 29}}, {"model": "app_product.image", "pk": 51, "fields": {"image": "products/2023/01/17/videoca_dSzCr5f.png", "product": 29}}, {"model": "app_product.image", "pk": 52, "fields": {"image": "products/2023/01/17/bigGoods_DeN2G9C.png", "product": 29}}, {"model": "app_product.image", "pk": 53, "fields": {"image": "products/2023/01/17/\u0421\u043a\u0440\u0438\u043d\u0448\u043e\u0442_15-01-2023_111942_MfEG9iS.jpg", "product": 28}}, {"model": "app_product.image", "pk": 54, "fields": {"image": "products/2023/01/17/slider_mbcUp52.png", "product": 28}}, {"model": "app_product.image", "pk": 55, "fields": {"image": "products/2023/01/17/bigGoods_lB7HR8w.png", "product": 28}}, {"model": "app_product.image", "pk": 56, "fields": {"image": "products/2023/01/17/\u0421\u043a\u0440\u0438\u043d\u0448\u043e\u0442_15-01-2023_111942_5nFaSur.jpg", "product": 27}}, {"model": "app_product.image", "pk": 57, "fields": {"image": "products/2023/01/17/bigGoods_aezzAF5.png", "product": 27}}, {"model": "app_product.image", "pk": 58, "fields": {"image": "products/2023/01/17/\u0421\u043a\u0440\u0438\u043d\u0448\u043e\u0442_15-01-2023_111647_zhUEYj7.jpg", "product": 27}}, {"model": "app_product.image", "pk": 59, "fields": {"image": "products/2023/01/17/\u0421\u043a\u0440\u0438\u043d\u0448\u043e\u0442_15-01-2023_111942_D1Wanpr.jpg", "product": 26}}, {"model": "app_product.image", "pk": 60, "fields": {"image": "products/2023/01/17/slider_6arZ2tG.png", "product": 26}}, {"model": "app_product.image", "pk": 61, "fields": {"image": "products/2023/01/17/bigGoods_mvVpwlK.png", "product": 26}}, {"model": "app_product.image", "pk": 62, "fields": {"image": "products/2023/01/17/\u0421\u043a\u0440\u0438\u043d\u0448\u043e\u0442_15-01-2023_111942_JFBOi8o.jpg", "product": 25}}, {"model": "app_product.image", "pk": 63, "fields": {"image": "products/2023/01/17/videoca_uhNhDoh.png", "product": 25}}, {"model": "app_product.image", "pk": 64, "fields": {"image": "products/2023/01/17/bigGoods_DGnHOSA.png", "product": 25}}, {"model": "app_product.image", "pk": 65, "fields": {"image": "products/2023/01/17/slider_G3QvBTd.png", "product": 21}}, {"model": "app_product.image", "pk": 66, "fields": {"image": "products/2023/01/17/\u0421\u043a\u0440\u0438\u043d\u0448\u043e\u0442_15-01-2023_112124_dAQ1mUa.jpg", "product": 21}}, {"model": "app_product.image", "pk": 67, "fields": {"image": "products/2023/01/17/bigGoods_c05iODK.png", "product": 21}}, {"model": "app_product.image", "pk": 68, "fields": {"image": "products/2023/01/17/slider_k8lySXw.png", "product": 22}}, {"model": "app_product.image", "pk": 69, "fields": {"image": "products/2023/01/17/\u0421\u043a\u0440\u0438\u043d\u0448\u043e\u0442_15-01-2023_112013_Cc7v9zh.jpg", "product": 22}}, {"model": "app_product.image", "pk": 70, "fields": {"image": "products/2023/01/17/\u0421\u043a\u0440\u0438\u043d\u0448\u043e\u0442_15-01-2023_111647_GSqDhIr.jpg", "product": 22}}, {"model": "app_product.image", "pk": 71, "fields": {"image": "products/2023/01/17/slider_ImE8IrS.png", "product": 23}}, {"model": "app_product.image", "pk": 72, "fields": {"image": "products/2023/01/17/\u0421\u043a\u0440\u0438\u043d\u0448\u043e\u0442_15-01-2023_111942_RTWDdSR.jpg", "product": 23}}, {"model": "app_product.image", "pk": 73, "fields": {"image": "products/2023/01/17/\u0421\u043a\u0440\u0438\u043d\u0448\u043e\u0442_15-01-2023_111647_jX4XaZR.jpg", "product": 23}}, {"model": "app_product.image", "pk": 74, "fields": {"image": "products/2023/01/17/slider_jvF2bvC.png", "product": 24}}, {"model": "app_product.image", "pk": 75, "fields": {"image": "products/2023/01/17/card_1Cq3xmV.jpg", "product": 24}}, {"model": "app_product.image", "pk": 76, "fields": {"image": "products/2023/01/17/\u0421\u043a\u0440\u0438\u043d\u0448\u043e\u0442_15-01-2023_111647_XBVM23o.jpg", "product": 24}}, {"model": "app_product.image", "pk": 77, "fields": {"image": "products/2023/01/17/videoca_7IAzXQ2.png", "product": 20}}, {"model": "app_product.image", "pk": 78, "fields": {"image": "products/2023/01/17/\u0421\u043a\u0440\u0438\u043d\u0448\u043e\u0442_15-01-2023_112013_ftmtcMW.jpg", "product": 20}}, {"model": "app_product.image", "pk": 79, "fields": {"image": "products/2023/01/17/\u0421\u043a\u0440\u0438\u043d\u0448\u043e\u0442_15-01-2023_112124_urjisjL.jpg", "product": 20}}, {"model": "app_product.image", "pk": 80, "fields": {"image": "products/2023/01/17/videoca_XOgTDbm.png", "product": 19}}, {"model": "app_product.image", "pk": 81, "fields": {"image": "products/2023/01/17/\u0421\u043a\u0440\u0438\u043d\u0448\u043e\u0442_15-01-2023_111942_JmySrdY.jpg", "product": 19}}, {"model": "app_product.image", "pk": 82, "fields": {"image": "products/2023/01/17/mobile_Za1xwvS.jpg", "product": 19}}, {"model": "app_product.image", "pk": 83, "fields": {"image": "products/2023/01/17/videoca_jmxMRBe.png", "product": 18}}, {"model": "app_product.image", "pk": 84, "fields": {"image": "products/2023/01/17/bigGoods_i6TEYyG.png", "product": 18}}, {"model": "app_product.image", "pk": 85, "fields": {"image": "products/2023/01/17/\u0421\u043a\u0440\u0438\u043d\u0448\u043e\u0442_15-01-2023_111647_zK5y2rF.jpg", "product": 18}}, {"model": "app_product.image", "pk": 86, "fields": {"image": "products/2023/01/17/videoca_eaJSgEf.png", "product": 17}}, {"model": "app_product.image", "pk": 87, "fields": {"image": "products/2023/01/17/slider_nXXYs4H.png", "product": 17}}, {"model": "app_product.image", "pk": 88, "fields": {"image": "products/2023/01/17/\u0421\u043a\u0440\u0438\u043d\u0448\u043e\u0442_15-01-2023_112013_pLy7KBj.jpg", "product": 17}}, {"model": "app_settings.sitesettings", "pk": 3, "fields": {"express_delivery_price": "1000.00", "edge_for_free_delivery": "10000.00", "common_delivery_price": "300.00", "root_category": 12, "quantity_popular": 8, "time_cache_product": 1, "category_main_page": [4, 3, 2]}}, {"model": "app_vendor.vendor", "pk": 1, "fields": {"name": "Super Shop", "slug": "super-shop", "description": "Lorem ipsum dolor sit amet, consectetuer adipiscing elit, sed diam nonummy nibh euismod tincid unt ut laoreet dolore magna aliquam erat volutpat. Lorem ipsum dolor sit amet, consectetuer adipiscing elit, sed diam nonummy nibh euismod tincid unt ut laoreet dolore magna aliquam erat volutpat.", "address": "123112, \u041c\u043e\u0441\u043a\u0432\u0430, \u041f\u0440\u0435\u0441\u043d\u0435\u043d\u0441\u043a\u0430\u044f \u043d\u0430\u0431., \u0434. 10, \u0431\u043b\u043e\u043a \u0421, \u043a\u043e\u043c\u043f\u043b\u0435\u043a\u0441 \u00ab\u0411\u0430\u0448\u043d\u044f \u043d\u0430 \u043d\u0430\u0431\u0435\u0440\u0435\u0436\u043d\u043e\u0439\u00bb"}}, {"model": "app_vendor.vendor", "pk": 2, "fields": {"name": "Shop-Gop-Stop", "slug": "shop-gop-stop", "description": "Lorem ipsum dolor sit amet, consectetuer adipiscing elit, sed diam nonummy nibh euismod tincid unt ut laoreet dolore magna aliquam erat volutpat. Lorem ipsum dolor sit amet, consectetuer adipiscing elit, sed diam nonummy nibh euismod tincid unt ut laoreet dolore magna aliquam erat volutpat.", "address": "123112, \u041c\u043e\u0441\u043a\u0432\u0430, \u041f\u0440\u0435\u0441\u043d\u0435\u043d\u0441\u043a\u0430\u044f \u043d\u0430\u0431., \u0434. 10, \u0431\u043b\u043e\u043a \u0421, \u043a\u043e\u043c\u043f\u043b\u0435\u043a\u0441 \u00ab\u0411\u0430\u0448\u043d\u044f \u043d\u0430 \u043d\u0430\u0431\u0435\u0440\u0435\u0436\u043d\u043e\u0439\u00bb"}}, {"model": "app_vendor.vendor", "pk": 3, "fields": {"name": "Super Mega Shop", "slug": "super-mega-shop", "description": "Lorem ipsum dolor sit amet, consectetuer adipiscing elit, sed diam nonummy nibh euismod tincid unt ut laoreet dolore magna aliquam erat volutpat. Lorem ipsum dolor sit amet, consectetuer adipiscing elit, sed diam nonummy nibh euismod tincid unt ut laoreet dolore magna aliquam erat volutpat.", "address": "123112, \u041c\u043e\u0441\u043a\u0432\u0430, \u041f\u0440\u0435\u0441\u043d\u0435\u043d\u0441\u043a\u0430\u044f \u043d\u0430\u0431., \u0434. 10, \u0431\u043b\u043e\u043a \u0421, \u043a\u043e\u043c\u043f\u043b\u0435\u043a\u0441 \u00ab\u0411\u0430\u0448\u043d\u044f \u043d\u0430 \u043d\u0430\u0431\u0435\u0440\u0435\u0436\u043d\u043e\u0439\u00bb"}}, {"model": "auth.permission", "pk": 1, "fields": {"name": "Can add log entry", "content_type": 1, "codename": "add_logentry"}}, {"model": "auth.permission", "pk": 2, "fields": {"name": "Can change log entry", "content_type": 1, "codename": "change_logentry"}}, {"model": "auth.permission", "pk": 3, "fields": {"name": "Can delete log entry", "content_type": 1, "codename": "delete_logentry"}}, {"model": "auth.permission", "pk": 4, "fields": {"name": "Can view log entry", "content_type": 1, "codename": "view_logentry"}}, {"model": "auth.permission", "pk": 5, "fields": {"name": "Can add permission", "content_type": 2, "codename": "add_permission"}}, {"model": "auth.permission", "pk": 6, "fields": {"name": "Can change permission", "content_type": 2, "codename": "change_permission"}}, {"model": "auth.permission", "pk": 7, "fields": {"name": "Can delete permission", "content_type": 2, "codename": "delete_permission"}}, {"model": "auth.permission", "pk": 8, "fields": {"name": "Can view permission", "content_type": 2, "codename": "view_permission"}}, {"model": "auth.permission", "pk": 9, "fields": {"name": "Can add group", "content_type": 3, "codename": "add_group"}}, {"model": "auth.permission", "pk": 10, "fields": {"name": "Can change group", "content_type": 3, "codename": "change_group"}}, {"model": "auth.permission", "pk": 11, "fields": {"name": "Can delete group", "content_type": 3, "codename": "delete_group"}}, {"model": "auth.permission", "pk": 12, "fields": {"name": "Can view group", "content_type": 3, "codename": "view_group"}}, {"model": "auth.permission", "pk": 13, "fields": {"name": "Can add content type", "content_type": 4, "codename": "add_contenttype"}}, {"model": "auth.permission", "pk": 14, "fields": {"name": "Can change content type", "content_type": 4, "codename": "change_contenttype"}}, {"model": "auth.permission", "pk": 15, "fields": {"name": "Can delete content type", "content_type": 4, "codename": "delete_contenttype"}}, {"model": "auth.permission", "pk": 16, "fields": {"name": "Can view content type", "content_type": 4, "codename": "view_contenttype"}}, {"model": "auth.permission", "pk": 17, "fields": {"name": "Can add session", "content_type": 5, "codename": "add_session"}}, {"model": "auth.permission", "pk": 18, "fields": {"name": "Can change session", "content_type": 5, "codename": "change_session"}}, {"model": "auth.permission", "pk": 19, "fields": {"name": "Can delete session", "content_type": 5, "codename": "delete_session"}}, {"model": "auth.permission", "pk": 20, "fields": {"name": "Can view session", "content_type": 5, "codename": "view_session"}}, {"model": "auth.permission", "pk": 21, "fields": {"name": "Can add \u0433\u0440\u0443\u043f\u043f\u0430", "content_type": 6, "codename": "add_proxygroups"}}, {"model": "auth.permission", "pk": 22, "fields": {"name": "Can change \u0433\u0440\u0443\u043f\u043f\u0430", "content_type": 6, "codename": "change_proxygroups"}}, {"model": "auth.permission", "pk": 23, "fields": {"name": "Can delete \u0433\u0440\u0443\u043f\u043f\u0430", "content_type": 6, "codename": "delete_proxygroups"}}, {"model": "auth.permission", "pk": 24, "fields": {"name": "Can view \u0433\u0440\u0443\u043f\u043f\u0430", "content_type": 6, "codename": "view_proxygroups"}}, {"model": "auth.permission", "pk": 25, "fields": {"name": "Can add \u043f\u043e\u043b\u044c\u0437\u043e\u0432\u0430\u0442\u0435\u043b\u044c", "content_type": 7, "codename": "add_user"}}, {"model": "auth.permission", "pk": 26, "fields": {"name": "Can change \u043f\u043e\u043b\u044c\u0437\u043e\u0432\u0430\u0442\u0435\u043b\u044c", "content_type": 7, "codename": "change_user"}}, {"model": "auth.permission", "pk": 27, "fields": {"name": "Can delete \u043f\u043e\u043b\u044c\u0437\u043e\u0432\u0430\u0442\u0435\u043b\u044c", "content_type": 7, "codename": "delete_user"}}, {"model": "auth.permission", "pk": 28, "fields": {"name": "Can view \u043f\u043e\u043b\u044c\u0437\u043e\u0432\u0430\u0442\u0435\u043b\u044c", "content_type": 7, "codename": "view_user"}}, {"model": "auth.permission", "pk": 29, "fields": {"name": "Can add \u0437\u043d\u0430\u0447\u0435\u043d\u0438\u0435 \u0445\u0430\u0440\u0430\u043a\u0442\u0435\u0440\u0438\u0441\u0442\u0438\u043a\u0438", "content_type": 8, "codename": "add_parametervalue"}}, {"model": "auth.permission", "pk": 30, "fields": {"name": "Can change \u0437\u043d\u0430\u0447\u0435\u043d\u0438\u0435 \u0445\u0430\u0440\u0430\u043a\u0442\u0435\u0440\u0438\u0441\u0442\u0438\u043a\u0438", "content_type": 8, "codename": "change_parametervalue"}}, {"model": "auth.permission", "pk": 31, "fields": {"name": "Can delete \u0437\u043d\u0430\u0447\u0435\u043d\u0438\u0435 \u0445\u0430\u0440\u0430\u043a\u0442\u0435\u0440\u0438\u0441\u0442\u0438\u043a\u0438", "content_type": 8, "codename": "delete_parametervalue"}}, {"model": "auth.permission", "pk": 32, "fields": {"name": "Can view \u0437\u043d\u0430\u0447\u0435\u043d\u0438\u0435 \u0445\u0430\u0440\u0430\u043a\u0442\u0435\u0440\u0438\u0441\u0442\u0438\u043a\u0438", "content_type": 8, "codename": "view_parametervalue"}}, {"model": "auth.permission", "pk": 33, "fields": {"name": "Can add \u0438\u0437\u043e\u0431\u0440\u0430\u0436\u0435\u043d\u0438\u0435", "content_type": 9, "codename": "add_image"}}, {"model": "auth.permission", "pk": 34, "fields": {"name": "Can change \u0438\u0437\u043e\u0431\u0440\u0430\u0436\u0435\u043d\u0438\u0435", "content_type": 9, "codename": "change_image"}}, {"model": "auth.permission", "pk": 35, "fields": {"name": "Can delete \u0438\u0437\u043e\u0431\u0440\u0430\u0436\u0435\u043d\u0438\u0435", "content_type": 9, "codename": "delete_image"}}, {"model": "auth.permission", "pk": 36, "fields": {"name": "Can view \u0438\u0437\u043e\u0431\u0440\u0430\u0436\u0435\u043d\u0438\u0435", "content_type": 9, "codename": "view_image"}}, {"model": "auth.permission", "pk": 37, "fields": {"name": "Can add \u043a\u0430\u0442\u0435\u0433\u043e\u0440\u0438\u044f", "content_type": 10, "codename": "add_category"}}, {"model": "auth.permission", "pk": 38, "fields": {"name": "Can change \u043a\u0430\u0442\u0435\u0433\u043e\u0440\u0438\u044f", "content_type": 10, "codename": "change_category"}}, {"model": "auth.permission", "pk": 39, "fields": {"name": "Can delete \u043a\u0430\u0442\u0435\u0433\u043e\u0440\u0438\u044f", "content_type": 10, "codename": "delete_category"}}, {"model": "auth.permission", "pk": 40, "fields": {"name": "Can view \u043a\u0430\u0442\u0435\u0433\u043e\u0440\u0438\u044f", "content_type": 10, "codename": "view_category"}}, {"model": "auth.permission", "pk": 41, "fields": {"name": "Can add \u043f\u0440\u043e\u0434\u0443\u043a\u0442", "content_type": 11, "codename": "add_product"}}, {"model": "auth.permission", "pk": 42, "fields": {"name": "Can change \u043f\u0440\u043e\u0434\u0443\u043a\u0442", "content_type": 11, "codename": "change_product"}}, {"model": "auth.permission", "pk": 43, "fields": {"name": "Can delete \u043f\u0440\u043e\u0434\u0443\u043a\u0442", "content_type": 11, "codename": "delete_product"}}, {"model": "auth.permission", "pk": 44, "fields": {"name": "Can view \u043f\u0440\u043e\u0434\u0443\u043a\u0442", "content_type": 11, "codename": "view_product"}}, {"model": "auth.permission", "pk": 45, "fields": {"name": "Can add \u0445\u0430\u0440\u0430\u043a\u0442\u0435\u0440\u0438\u0441\u0442\u0438\u043a\u0430", "content_type": 12, "codename": "add_parameter"}}, {"model": "auth.permission", "pk": 46, "fields": {"name": "Can change \u0445\u0430\u0440\u0430\u043a\u0442\u0435\u0440\u0438\u0441\u0442\u0438\u043a\u0430", "content_type": 12, "codename": "change_parameter"}}, {"model": "auth.permission", "pk": 47, "fields": {"name": "Can delete \u0445\u0430\u0440\u0430\u043a\u0442\u0435\u0440\u0438\u0441\u0442\u0438\u043a\u0430", "content_type": 12, "codename": "delete_parameter"}}, {"model": "auth.permission", "pk": 48, "fields": {"name": "Can view \u0445\u0430\u0440\u0430\u043a\u0442\u0435\u0440\u0438\u0441\u0442\u0438\u043a\u0430", "content_type": 12, "codename": "view_parameter"}}, {"model": "auth.permission", "pk": 49, "fields": {"name": "Can add \u0438\u043c\u044f \u0445\u0430\u0440\u0430\u043a\u0442\u0435\u0440\u0438\u0441\u0442\u0438\u043a\u0438", "content_type": 13, "codename": "add_parametername"}}, {"model": "auth.permission", "pk": 50, "fields": {"name": "Can change \u0438\u043c\u044f \u0445\u0430\u0440\u0430\u043a\u0442\u0435\u0440\u0438\u0441\u0442\u0438\u043a\u0438", "content_type": 13, "codename": "change_parametername"}}, {"model": "auth.permission", "pk": 51, "fields": {"name": "Can delete \u0438\u043c\u044f \u0445\u0430\u0440\u0430\u043a\u0442\u0435\u0440\u0438\u0441\u0442\u0438\u043a\u0438", "content_type": 13, "codename": "delete_parametername"}}, {"model": "auth.permission", "pk": 52, "fields": {"name": "Can view \u0438\u043c\u044f \u0445\u0430\u0440\u0430\u043a\u0442\u0435\u0440\u0438\u0441\u0442\u0438\u043a\u0438", "content_type": 13, "codename": "view_parametername"}}, {"model": "auth.permission", "pk": 53, "fields": {"name": "Can add \u043c\u0430\u0433\u0430\u0437\u0438\u043d", "content_type": 14, "codename": "add_vendor"}}, {"model": "auth.permission", "pk": 54, "fields": {"name": "Can change \u043c\u0430\u0433\u0430\u0437\u0438\u043d", "content_type": 14, "codename": "change_vendor"}}, {"model": "auth.permission", "pk": 55, "fields": {"name": "Can delete \u043c\u0430\u0433\u0430\u0437\u0438\u043d", "content_type": 14, "codename": "delete_vendor"}}, {"model": "auth.permission", "pk": 56, "fields": {"name": "Can view \u043c\u0430\u0433\u0430\u0437\u0438\u043d", "content_type": 14, "codename": "view_vendor"}}, {"model": "auth.permission", "pk": 57, "fields": {"name": "Can add kv store", "content_type": 15, "codename": "add_kvstore"}}, {"model": "auth.permission", "pk": 58, "fields": {"name": "Can change kv store", "content_type": 15, "codename": "change_kvstore"}}, {"model": "auth.permission", "pk": 59, "fields": {"name": "Can delete kv store", "content_type": 15, "codename": "delete_kvstore"}}, {"model": "auth.permission", "pk": 60, "fields": {"name": "Can view kv store", "content_type": 15, "codename": "view_kvstore"}}, {"model": "auth.permission", "pk": 61, "fields": {"name": "Can add \u043e\u0442\u0437\u044b\u0432", "content_type": 16, "codename": "add_review"}}, {"model": "auth.permission", "pk": 62, "fields": {"name": "Can change \u043e\u0442\u0437\u044b\u0432", "content_type": 16, "codename": "change_review"}}, {"model": "auth.permission", "pk": 63, "fields": {"name": "Can delete \u043e\u0442\u0437\u044b\u0432", "content_type": 16, "codename": "delete_review"}}, {"model": "auth.permission", "pk": 64, "fields": {"name": "Can view \u043e\u0442\u0437\u044b\u0432", "content_type": 16, "codename": "view_review"}}, {"model": "auth.permission", "pk": 65, "fields": {"name": "Can add \u0442\u043e\u0432\u0430\u0440", "content_type": 17, "codename": "add_orderitem"}}, {"model": "auth.permission", "pk": 66, "fields": {"name": "Can change \u0442\u043e\u0432\u0430\u0440", "content_type": 17, "codename": "change_orderitem"}}, {"model": "auth.permission", "pk": 67, "fields": {"name": "Can delete \u0442\u043e\u0432\u0430\u0440", "content_type": 17, "codename": "delete_orderitem"}}, {"model": "auth.permission", "pk": 68, "fields": {"name": "Can view \u0442\u043e\u0432\u0430\u0440", "content_type": 17, "codename": "view_orderitem"}}, {"model": "auth.permission", "pk": 69, "fields": {"name": "Can add \u0437\u0430\u043a\u0430\u0437", "content_type": 18, "codename": "add_order"}}, {"model": "auth.permission", "pk": 70, "fields": {"name": "Can change \u0437\u0430\u043a\u0430\u0437", "content_type": 18, "codename": "change_order"}}, {"model": "auth.permission", "pk": 71, "fields": {"name": "Can delete \u0437\u0430\u043a\u0430\u0437", "content_type": 18, "codename": "delete_order"}}, {"model": "auth.permission", "pk": 72, "fields": {"name": "Can view \u0437\u0430\u043a\u0430\u0437", "content_type": 18, "codename": "view_order"}}, {"model": "auth.permission", "pk": 73, "fields": {"name": "Can add \u043d\u0430\u0441\u0442\u0440\u043e\u0439\u043a\u0430", "content_type": 19, "codename": "add_sitesettings"}}, {"model": "auth.permission", "pk": 74, "fields": {"name": "Can change \u043d\u0430\u0441\u0442\u0440\u043e\u0439\u043a\u0430", "content_type": 19, "codename": "change_sitesettings"}}, {"model": "auth.permission", "pk": 75, "fields": {"name": "Can delete \u043d\u0430\u0441\u0442\u0440\u043e\u0439\u043a\u0430", "content_type": 19, "codename": "delete_sitesettings"}}, {"model": "auth.permission", "pk": 76, "fields": {"name": "Can view \u043d\u0430\u0441\u0442\u0440\u043e\u0439\u043a\u0430", "content_type": 19, "codename": "view_sitesettings"}}, {"model": "app_users.user", "pk": 1, "fields": {"password": "pbkdf2_sha256$150000$aZYbtPnaFBYL$p4a1laqFtt1IlqhgIrG2GGnXEnpMyHXOYgmRPeel3nM=", "last_login": "2023-01-26T10:06:13.363Z", "is_superuser": true, "email": "andryplekhanov@rambler.ru", "full_name": "\u041f\u043b\u0435\u0445\u0430\u043d\u043e\u0432 \u0410\u043d\u0434\u0440\u0435\u0439 \u0412\u043b\u0430\u0434\u0438\u043c\u0438\u0440\u043e\u0432\u0438\u0447", "date_joined": "2023-01-17T15:52:29.239Z", "is_active": true, "is_staff": true, "avatar": "avatars/node_415574_1653686029.jpg", "phone_number": "+79012345678", "groups": [], "user_permissions": []}}, {"model": "app_users.user", "pk": 2, "fields": {"password": "pbkdf2_sha256$150000$yALLDTuXsEX3$3uzFFoweRJoAk5RDRYDME3kutoH6N6ys7DLwAoldVTA=", "last_login": "2023-01-26T10:01:58.226Z", "is_superuser": false, "email": "till_lindemann@test.com", "full_name": "Till Lindemann", "date_joined": "2023-01-26T10:01:58.179Z", "is_active": true, "is_staff": false, "avatar": "avatars/till-lindemann.jpg", "phone_number": "+79022345678", "groups": [], "user_permissions": []}}, {"model": "app_users.user", "pk": 3, "fields": {"password": "pbkdf2_sha256$150000$AMmSk68RlggZ$nuRLJFYAD5FbKKFqnpO/ZyhbkpEiQSfBdOhVlbENpDE=", "last_login": "2023-01-26T10:04:14.354Z", "is_superuser": false, "email": "christian_lorenz@test.com", "full_name": "Christian Lorenz", "date_joined": "2023-01-26T10:04:14.307Z", "is_active": true, "is_staff": false, "avatar": "avatars/Christian-Flake-Lorenz-300x400.jpg", "phone_number": "+79032345678", "groups": [], "user_permissions": []}}, {"model": "app_users.user", "pk": 4, "fields": {"password": "pbkdf2_sha256$150000$YcsjV2Y9NjKz$llkTFLNjz7BEmPlXbinj9ebQUqbjkZBOs9ZKCMwYnJI=", "last_login": "2023-01-26T10:05:45.240Z", "is_superuser": false, "email": "christoph_schneider@test.de", "full_name": "Christoph Schneider", "date_joined": "2023-01-26T10:05:45.194Z", "is_active": true, "is_staff": false, "avatar": "avatars/3112cd7fc667fef7bdb1cbbc08ab06fc.png", "phone_number": "+79042345678", "groups": [], "user_permissions": []}}, {"model": "app_orders.order", "pk": 1, "fields": {"user": 1, "delivery_type": "1", "delivery_price": "300.00", "payment_type": "1", "address": "\u0443\u043b. \u041f\u0443\u0448\u043a\u0438\u043d\u0430, \u0434\u043e\u043c \u041a\u043e\u043b\u043e\u0442\u0443\u0448\u043a\u0438\u043d\u0430", "city": "\u041b\u044e\u0431\u0435\u0440\u0446\u044b", "created": "2023-01-23T07:52:29.568Z", "updated": "2023-01-23T07:52:29.568Z", "paid": true, "status": null, "payment_code": 12}}, {"model": "app_orders.order", "pk": 2, "fields": {"user": 1, "delivery_type": "2", "delivery_price": "1000.00", "payment_type": "2", "address": "\u0443\u043b. \u041f\u0443\u0448\u043a\u0438\u043d\u0430, \u0434\u043e\u043c \u041a\u043e\u043b\u043e\u0442\u0443\u0448\u043a\u0438\u043d\u0430", "city": "\u041b\u044e\u0431\u0435\u0440\u0446\u044b", "created": "2023-01-23T07:53:55.129Z", "updated": "2023-01-23T07:53:55.129Z", "paid": false, "status": null, "payment_code": 6}}, {"model": "app_orders.order", "pk": 14, "fields": {"user": 1, "delivery_type": "1", "delivery_price": "0.00", "payment_type": "1", "address": "\u043c\u043a\u0440. \u0417\u0435\u043d\u0438\u043d\u043e, \u0443\u043b. \u041a\u0430\u0448\u0442\u0430\u043d\u043e\u0432\u0430\u044f, \u0434.4, \u043a\u0432.44", "city": "\u041b\u044e\u0431\u0435\u0440\u0446\u044b", "created": "2023-01-24T14:47:43.761Z", "updated": "2023-01-24T15:28:56.852Z", "paid": true, "status": null, "payment_code": 0}}, {"model": "app_orders.order", "pk": 15, "fields": {"user": 1, "delivery_type": "2", "delivery_price": "1000.00", "payment_type": "1", "address": "\u0423\u043b. \u041d\u0430\u0431\u0435\u0440\u0435\u0436\u043d\u0430\u044f \u0414\u043e\u043c 4, \u043a\u0432. 0", "city": "\u041b\u044e\u0431\u0435\u0440\u0446\u044b", "created": "2023-01-24T18:01:41.814Z", "updated": "2023-01-24T18:01:41.814Z", "paid": false, "status": null, "payment_code": 0}}, {"model": "app_orders.order", "pk": 16, "fields": {"user": 1, "delivery_type": "1", "delivery_price": "0.00", "payment_type": "1", "address": "\u043c\u043a\u0440. \u0417\u0435\u043d\u0438\u043d\u043e, \u0443\u043b. \u041a\u0430\u0448\u0442\u0430\u043d\u043e\u0432\u0430\u044f, \u0434.4, \u043a\u0432.44", "city": "\u0420\u0435\u0448\u0435\u0442\u0438\u0445\u0430", "created": "2023-01-25T14:50:19.754Z", "updated": "2023-01-25T14:50:19.754Z", "paid": false, "status": null, "payment_code": 0}}, {"model": "app_orders.order", "pk": 17, "fields": {"user": 1, "delivery_type": "1", "delivery_price": "0.00", "payment_type": "1", "address": "\u043c\u043a\u0440. \u0417\u0435\u043d\u0438\u043d\u043e, \u0443\u043b. \u041a\u0430\u0448\u0442\u0430\u043d\u043e\u0432\u0430\u044f, \u0434.4, \u043a\u0432.44", "city": "Miami", "created": "2023-01-25T15:18:20.128Z", "updated": "2023-01-25T15:18:20.128Z", "paid": false, "status": null, "payment_code": 0}}, {"model": "app_orders.order", "pk": 18, "fields": {"user": 1, "delivery_type": "1", "delivery_price": "0.00", "payment_type": "2", "address": "\u043c\u043a\u0440. \u0417\u0435\u043d\u0438\u043d\u043e, \u0443\u043b. \u041a\u0430\u0448\u0442\u0430\u043d\u043e\u0432\u0430\u044f, \u0434.4, \u043a\u0432.44", "city": "\u0448", "created": "2023-01-26T08:25:09.380Z", "updated": "2023-01-26T08:25:09.380Z", "paid": false, "status": null, "payment_code": 0}}, {"model": "app_review.review", "pk": 1, "fields": {"user": 1, "product": 25, "text": "Lorem ipsum dolor sit amet, consectetur adipiscing elit, sed do eiusmod tempor incididunt ut labore et dolore magna aliqua. Ut enim ad minim veniam, quis nostrud exercitation ullamco laboris nisi ut aliquip ex ea commodo consequat. \r\n\r\nLorem ipsum dolor sit amet, consectetur adipiscing elit, sed do eiusmod tempor incididunt ut labore et dolore magna aliqua. Ut enim ad minim veniam, quis nostrud exercitation ullamco laboris nisi ut aliquip ex ea commodo consequat. \r\n\r\nLorem ipsum dolor sit amet, consectetur adipiscing elit, sed do eiusmod tempor incididunt ut labore et dolore magna aliqua. Ut enim ad minim veniam, quis nostrud exercitation ullamco laboris nisi ut aliquip ex ea commodo consequat.", "created": "2023-01-18T13:14:15.174Z"}}, {"model": "app_review.review", "pk": 2, "fields": {"user": 1, "product": 4, "text": "Lorem ipsum dolor sit amet, consectetur adipiscing elit, sed do eiusmod tempor incididunt ut labore et dolore magna aliqua. Ut enim ad minim veniam, quis nostrud exercitation ullamco laboris nisi ut aliquip ex ea commodo consequat.", "created": "2023-01-18T13:14:25.165Z"}}, {"model": "app_review.review", "pk": 3, "fields": {"user": 1, "product": 4, "text": "Lorem ipsum dolor sit amet, consectetur adipiscing elit, sed do eiusmod tempor incididunt ut labore et dolore magna aliqua. Ut enim ad minim veniam, quis nostrud exercitation ullamco laboris nisi ut aliquip ex ea commodo consequat. \r\n\r\nLorem ipsum dolor sit amet, consectetur adipiscing elit, sed do eiusmod tempor incididunt ut labore et dolore magna aliqua. Ut enim ad minim veniam, quis nostrud exercitation ullamco laboris nisi ut aliquip ex ea commodo consequat. 77y", "created": "2023-01-18T13:14:34.392Z"}}, {"model": "app_review.review", "pk": 4, "fields": {"user": 1, "product": 4, "text": "\u041d\u0443 \u043d\u043e\u0440\u043c \u0442\u043e\u0432\u0430\u0440. \u041c\u043d\u0435 \u043d\u0440\u0430\u0432\u0438\u0442\u0441\u044f.", "created": "2023-01-18T15:23:34.308Z"}}, {"model": "app_review.review", "pk": 5, "fields": {"user": 1, "product": 25, "text": "\u041d\u0435 \u043f\u043e\u043d\u0440\u0430\u0432\u0438\u043b\u0441\u044f \u0442\u043e\u0432\u0430\u0440. \u041d\u0435 \u043f\u043e\u043a\u0443\u043f\u0430\u0439\u0442\u0435!!!", "created": "2023-01-18T15:26:39.939Z"}}, {"model": "app_review.review", "pk": 6, "fields": {"user": 1, "product": 12, "text": "\u041e\u0442\u0441\u0442\u043e\u0439! \u041d\u0435 \u043f\u043e\u043a\u0443\u043f\u0430\u0439\u0442\u0435!", "created": "2023-01-18T18:26:46.020Z"}}, {"model": "admin.logentry", "pk": 1, "fields": {"action_time": "2023-01-17T15:53:55.492Z", "user": 1, "content_type": 7, "object_id": "1", "object_repr": "andryplekhanov@rambler.ru", "action_flag": 2, "change_message": "[{\"changed\": {\"fields\": [\"avatar\"]}}]"}}, {"model": "admin.logentry", "pk": 2, "fields": {"action_time": "2023-01-17T17:45:35.657Z", "user": 1, "content_type": 10, "object_id": "1", "object_repr": "\u041a\u043e\u043c\u043f\u044c\u044e\u0442\u0435\u0440\u043d\u0430\u044f \u0442\u0435\u0445\u043d\u0438\u043a\u0430", "action_flag": 1, "change_message": "[{\"added\": {}}]"}}, {"model": "admin.logentry", "pk": 3, "fields": {"action_time": "2023-01-17T17:47:18.016Z", "user": 1, "content_type": 10, "object_id": "2", "object_repr": "\u041d\u043e\u0443\u0442\u0431\u0443\u043a\u0438", "action_flag": 1, "change_message": "[{\"added\": {}}]"}}, {"model": "admin.logentry", "pk": 4, "fields": {"action_time": "2023-01-17T17:47:42.650Z", "user": 1, "content_type": 10, "object_id": "3", "object_repr": "\u0412\u0438\u0434\u0435\u043e\u043a\u0430\u0440\u0442\u044b", "action_flag": 1, "change_message": "[{\"added\": {}}]"}}, {"model": "admin.logentry", "pk": 5, "fields": {"action_time": "2023-01-17T17:48:07.214Z", "user": 1, "content_type": 10, "object_id": "4", "object_repr": "\u0411\u0435\u0441\u043f\u0438\u043b\u043e\u0442\u043d\u0438\u043a\u0438", "action_flag": 1, "change_message": "[{\"added\": {}}]"}}, {"model": "admin.logentry", "pk": 6, "fields": {"action_time": "2023-01-17T17:51:19.846Z", "user": 1, "content_type": 10, "object_id": "5", "object_repr": "\u041c\u043e\u0431\u0438\u043b\u044c\u043d\u044b\u0435 \u0443\u0441\u0442\u0440\u043e\u0439\u0441\u0442\u0432\u0430", "action_flag": 1, "change_message": "[{\"added\": {}}]"}}, {"model": "admin.logentry", "pk": 7, "fields": {"action_time": "2023-01-17T17:53:27.026Z", "user": 1, "content_type": 10, "object_id": "6", "object_repr": "\u041c\u043e\u0431\u0438\u043b\u044c\u043d\u044b\u0435 \u0442\u0435\u043b\u0435\u0444\u043e\u043d\u044b", "action_flag": 1, "change_message": "[{\"added\": {}}]"}}, {"model": "admin.logentry", "pk": 8, "fields": {"action_time": "2023-01-17T17:53:50.582Z", "user": 1, "content_type": 10, "object_id": "7", "object_repr": "\u041f\u043b\u0430\u043d\u0448\u0435\u0442\u044b", "action_flag": 1, "change_message": "[{\"added\": {}}]"}}, {"model": "admin.logentry", "pk": 9, "fields": {"action_time": "2023-01-17T17:54:30.705Z", "user": 1, "content_type": 10, "object_id": "8", "object_repr": "\u0410\u0443\u0434\u0438\u043e\u0442\u0435\u0445\u043d\u0438\u043a\u0430", "action_flag": 1, "change_message": "[{\"added\": {}}]"}}, {"model": "admin.logentry", "pk": 10, "fields": {"action_time": "2023-01-17T17:54:57.308Z", "user": 1, "content_type": 10, "object_id": "9", "object_repr": "\u041d\u0430\u0443\u0448\u043d\u0438\u043a\u0438", "action_flag": 1, "change_message": "[{\"added\": {}}]"}}, {"model": "admin.logentry", "pk": 11, "fields": {"action_time": "2023-01-17T17:55:27.277Z", "user": 1, "content_type": 10, "object_id": "10", "object_repr": "\u0411\u0435\u0441\u043f\u0440\u043e\u0432\u043e\u0434\u043d\u044b\u0435 \u0441\u0442\u0430\u043d\u0446\u0438\u0438", "action_flag": 1, "change_message": "[{\"added\": {}}]"}}, {"model": "admin.logentry", "pk": 12, "fields": {"action_time": "2023-01-17T17:55:55.518Z", "user": 1, "content_type": 10, "object_id": "11", "object_repr": "\u0422\u0440\u0435\u043d\u0430\u0436\u0435\u0440\u044b", "action_flag": 1, "change_message": "[{\"added\": {}}]"}}, {"model": "admin.logentry", "pk": 13, "fields": {"action_time": "2023-01-17T17:57:39.944Z", "user": 1, "content_type": 13, "object_id": "1", "object_repr": "\u0414\u0438\u0430\u0433\u043e\u043d\u0430\u043b\u044c \u0434\u0438\u0441\u043f\u043b\u0435\u044f (\u0434\u044e\u0439\u043c.)", "action_flag": 1, "change_message": "[{\"added\": {}}]"}}, {"model": "admin.logentry", "pk": 14, "fields": {"action_time": "2023-01-17T17:57:46.875Z", "user": 1, "content_type": 13, "object_id": "2", "object_repr": "\u0401\u043c\u043a\u043e\u0441\u0442\u044c \u0430\u043a\u043a\u0443\u043c\u0443\u043b\u044f\u0442\u043e\u0440\u0430 (mAh)", "action_flag": 1, "change_message": "[{\"added\": {}}]"}}, {"model": "admin.logentry", "pk": 15, "fields": {"action_time": "2023-01-17T17:57:51.528Z", "user": 1, "content_type": 13, "object_id": "3", "object_repr": "\u0413\u0430\u0440\u0430\u043d\u0442\u0438\u044f", "action_flag": 1, "change_message": "[{\"added\": {}}]"}}, {"model": "admin.logentry", "pk": 16, "fields": {"action_time": "2023-01-17T17:58:12.079Z", "user": 1, "content_type": 13, "object_id": "4", "object_repr": "\u0412\u0435\u0441", "action_flag": 1, "change_message": "[{\"added\": {}}]"}}, {"model": "admin.logentry", "pk": 17, "fields": {"action_time": "2023-01-17T17:58:37.175Z", "user": 1, "content_type": 8, "object_id": "1", "object_repr": "6 \u043c\u0435\u0441.", "action_flag": 1, "change_message": "[{\"added\": {}}]"}}, {"model": "admin.logentry", "pk": 18, "fields": {"action_time": "2023-01-17T17:58:41.231Z", "user": 1, "content_type": 8, "object_id": "2", "object_repr": "1 \u0433\u043e\u0434", "action_flag": 1, "change_message": "[{\"added\": {}}]"}}, {"model": "admin.logentry", "pk": 19, "fields": {"action_time": "2023-01-17T17:58:44.934Z", "user": 1, "content_type": 8, "object_id": "3", "object_repr": "2 \u0433\u043e\u0434\u0430", "action_flag": 1, "change_message": "[{\"added\": {}}]"}}, {"model": "admin.logentry", "pk": 20, "fields": {"action_time": "2023-01-17T17:59:13.923Z", "user": 1, "content_type": 8, "object_id": "4", "object_repr": "199 \u0433", "action_flag": 1, "change_message": "[{\"added\": {}}]"}}, {"model": "admin.logentry", "pk": 21, "fields": {"action_time": "2023-01-17T17:59:28.292Z", "user": 1, "content_type": 8, "object_id": "5", "object_repr": "355 \u0433", "action_flag": 1, "change_message": "[{\"added\": {}}]"}}, {"model": "admin.logentry", "pk": 22, "fields": {"action_time": "2023-01-17T17:59:34.513Z", "user": 1, "content_type": 8, "object_id": "6", "object_repr": "1 \u043a\u0433", "action_flag": 1, "change_message": "[{\"added\": {}}]"}}, {"model": "admin.logentry", "pk": 23, "fields": {"action_time": "2023-01-17T17:59:43.868Z", "user": 1, "content_type": 8, "object_id": "7", "object_repr": "55 \u043a\u0433", "action_flag": 1, "change_message": "[{\"added\": {}}]"}}, {"model": "admin.logentry", "pk": 24, "fields": {"action_time": "2023-01-17T17:59:55.699Z", "user": 1, "content_type": 8, "object_id": "8", "object_repr": "10.99", "action_flag": 1, "change_message": "[{\"added\": {}}]"}}, {"model": "admin.logentry", "pk": 25, "fields": {"action_time": "2023-01-17T18:00:10.684Z", "user": 1, "content_type": 8, "object_id": "9", "object_repr": "6.3", "action_flag": 1, "change_message": "[{\"added\": {}}]"}}, {"model": "admin.logentry", "pk": 26, "fields": {"action_time": "2023-01-17T18:00:18.394Z", "user": 1, "content_type": 8, "object_id": "10", "object_repr": "5.5", "action_flag": 1, "change_message": "[{\"added\": {}}]"}}, {"model": "admin.logentry", "pk": 27, "fields": {"action_time": "2023-01-17T18:01:11.195Z", "user": 1, "content_type": 8, "object_id": "11", "object_repr": "4000", "action_flag": 1, "change_message": "[{\"added\": {}}]"}}, {"model": "admin.logentry", "pk": 28, "fields": {"action_time": "2023-01-17T18:01:20.451Z", "user": 1, "content_type": 8, "object_id": "12", "object_repr": "10000", "action_flag": 1, "change_message": "[{\"added\": {}}]"}}, {"model": "admin.logentry", "pk": 29, "fields": {"action_time": "2023-01-17T18:01:29.303Z", "user": 1, "content_type": 8, "object_id": "13", "object_repr": "3600", "action_flag": 1, "change_message": "[{\"added\": {}}]"}}, {"model": "admin.logentry", "pk": 30, "fields": {"action_time": "2023-01-17T18:01:53.118Z", "user": 1, "content_type": 12, "object_id": "1", "object_repr": "\u0413\u0430\u0440\u0430\u043d\u0442\u0438\u044f: 6 \u043c\u0435\u0441.", "action_flag": 1, "change_message": "[{\"added\": {}}]"}}, {"model": "admin.logentry", "pk": 31, "fields": {"action_time": "2023-01-17T18:01:58.455Z", "user": 1, "content_type": 12, "object_id": "2", "object_repr": "\u0413\u0430\u0440\u0430\u043d\u0442\u0438\u044f: 1 \u0433\u043e\u0434", "action_flag": 1, "change_message": "[{\"added\": {}}]"}}, {"model": "admin.logentry", "pk": 32, "fields": {"action_time": "2023-01-17T18:02:04.579Z", "user": 1, "content_type": 12, "object_id": "3", "object_repr": "\u0413\u0430\u0440\u0430\u043d\u0442\u0438\u044f: 2 \u0433\u043e\u0434\u0430", "action_flag": 1, "change_message": "[{\"added\": {}}]"}}, {"model": "admin.logentry", "pk": 33, "fields": {"action_time": "2023-01-17T18:02:10.588Z", "user": 1, "content_type": 12, "object_id": "4", "object_repr": "\u0412\u0435\u0441: 199 \u0433", "action_flag": 1, "change_message": "[{\"added\": {}}]"}}, {"model": "admin.logentry", "pk": 34, "fields": {"action_time": "2023-01-17T18:02:16.527Z", "user": 1, "content_type": 12, "object_id": "5", "object_repr": "\u0412\u0435\u0441: 355 \u0433", "action_flag": 1, "change_message": "[{\"added\": {}}]"}}, {"model": "admin.logentry", "pk": 35, "fields": {"action_time": "2023-01-17T18:02:22.587Z", "user": 1, "content_type": 12, "object_id": "6", "object_repr": "\u0412\u0435\u0441: 1 \u043a\u0433", "action_flag": 1, "change_message": "[{\"added\": {}}]"}}, {"model": "admin.logentry", "pk": 36, "fields": {"action_time": "2023-01-17T18:02:27.435Z", "user": 1, "content_type": 12, "object_id": "7", "object_repr": "\u0412\u0435\u0441: 55 \u043a\u0433", "action_flag": 1, "change_message": "[{\"added\": {}}]"}}, {"model": "admin.logentry", "pk": 37, "fields": {"action_time": "2023-01-17T18:02:33.405Z", "user": 1, "content_type": 12, "object_id": "8", "object_repr": "\u0414\u0438\u0430\u0433\u043e\u043d\u0430\u043b\u044c \u0434\u0438\u0441\u043f\u043b\u0435\u044f (\u0434\u044e\u0439\u043c.): 10.99", "action_flag": 1, "change_message": "[{\"added\": {}}]"}}, {"model": "admin.logentry", "pk": 38, "fields": {"action_time": "2023-01-17T18:02:37.804Z", "user": 1, "content_type": 12, "object_id": "9", "object_repr": "\u0414\u0438\u0430\u0433\u043e\u043d\u0430\u043b\u044c \u0434\u0438\u0441\u043f\u043b\u0435\u044f (\u0434\u044e\u0439\u043c.): 6.3", "action_flag": 1, "change_message": "[{\"added\": {}}]"}}, {"model": "admin.logentry", "pk": 39, "fields": {"action_time": "2023-01-17T18:02:45.221Z", "user": 1, "content_type": 12, "object_id": "10", "object_repr": "\u0414\u0438\u0430\u0433\u043e\u043d\u0430\u043b\u044c \u0434\u0438\u0441\u043f\u043b\u0435\u044f (\u0434\u044e\u0439\u043c.): 5.5", "action_flag": 1, "change_message": "[{\"added\": {}}]"}}, {"model": "admin.logentry", "pk": 40, "fields": {"action_time": "2023-01-17T18:02:49.555Z", "user": 1, "content_type": 12, "object_id": "11", "object_repr": "\u0401\u043c\u043a\u043e\u0441\u0442\u044c \u0430\u043a\u043a\u0443\u043c\u0443\u043b\u044f\u0442\u043e\u0440\u0430 (mAh): 4000", "action_flag": 1, "change_message": "[{\"added\": {}}]"}}, {"model": "admin.logentry", "pk": 41, "fields": {"action_time": "2023-01-17T18:02:54.232Z", "user": 1, "content_type": 12, "object_id": "12", "object_repr": "\u0401\u043c\u043a\u043e\u0441\u0442\u044c \u0430\u043a\u043a\u0443\u043c\u0443\u043b\u044f\u0442\u043e\u0440\u0430 (mAh): 10000", "action_flag": 1, "change_message": "[{\"added\": {}}]"}}, {"model": "admin.logentry", "pk": 42, "fields": {"action_time": "2023-01-17T18:03:01.509Z", "user": 1, "content_type": 12, "object_id": "13", "object_repr": "\u0401\u043c\u043a\u043e\u0441\u0442\u044c \u0430\u043a\u043a\u0443\u043c\u0443\u043b\u044f\u0442\u043e\u0440\u0430 (mAh): 3600", "action_flag": 1, "change_message": "[{\"added\": {}}]"}}, {"model": "admin.logentry", "pk": 43, "fields": {"action_time": "2023-01-17T18:20:54.755Z", "user": 1, "content_type": 11, "object_id": "1", "object_repr": "Robophone RX-10", "action_flag": 2, "change_message": "[{\"changed\": {\"fields\": [\"description\"]}}, {\"added\": {\"name\": \"\\u0438\\u0437\\u043e\\u0431\\u0440\\u0430\\u0436\\u0435\\u043d\\u0438\\u0435\", \"object\": \"Image object (1)\"}}, {\"added\": {\"name\": \"\\u0438\\u0437\\u043e\\u0431\\u0440\\u0430\\u0436\\u0435\\u043d\\u0438\\u0435\", \"object\": \"Image object (2)\"}}, {\"added\": {\"name\": \"\\u0438\\u0437\\u043e\\u0431\\u0440\\u0430\\u0436\\u0435\\u043d\\u0438\\u0435\", \"object\": \"Image object (3)\"}}, {\"added\": {\"name\": \"\\u0421\\u0432\\u044f\\u0437\\u044c parameter-product\", \"object\": \"Parameter_products object (1)\"}}, {\"added\": {\"name\": \"\\u0421\\u0432\\u044f\\u0437\\u044c parameter-product\", \"object\": \"Parameter_products object (2)\"}}, {\"added\": {\"name\": \"\\u0421\\u0432\\u044f\\u0437\\u044c parameter-product\", \"object\": \"Parameter_products object (3)\"}}, {\"added\": {\"name\": \"\\u0421\\u0432\\u044f\\u0437\\u044c parameter-product\", \"object\": \"Parameter_products object (4)\"}}]"}}, {"model": "admin.logentry", "pk": 44, "fields": {"action_time": "2023-01-17T18:21:24.360Z", "user": 1, "content_type": 11, "object_id": "2", "object_repr": "Robophone RX-11", "action_flag": 2, "change_message": "[{\"changed\": {\"fields\": [\"description\"]}}, {\"added\": {\"name\": \"\\u0438\\u0437\\u043e\\u0431\\u0440\\u0430\\u0436\\u0435\\u043d\\u0438\\u0435\", \"object\": \"Image object (4)\"}}, {\"added\": {\"name\": \"\\u0438\\u0437\\u043e\\u0431\\u0440\\u0430\\u0436\\u0435\\u043d\\u0438\\u0435\", \"object\": \"Image object (5)\"}}, {\"added\": {\"name\": \"\\u0438\\u0437\\u043e\\u0431\\u0440\\u0430\\u0436\\u0435\\u043d\\u0438\\u0435\", \"object\": \"Image object (6)\"}}]"}}, {"model": "admin.logentry", "pk": 45, "fields": {"action_time": "2023-01-17T18:21:31.814Z", "user": 1, "content_type": 11, "object_id": "3", "object_repr": "Robophone RX-12", "action_flag": 2, "change_message": "[{\"changed\": {\"fields\": [\"description\"]}}]"}}, {"model": "admin.logentry", "pk": 46, "fields": {"action_time": "2023-01-17T18:21:37.904Z", "user": 1, "content_type": 11, "object_id": "4", "object_repr": "Fake-Robophone RX-10", "action_flag": 2, "change_message": "[{\"changed\": {\"fields\": [\"description\"]}}]"}}, {"model": "admin.logentry", "pk": 47, "fields": {"action_time": "2023-01-17T18:21:47.674Z", "user": 1, "content_type": 11, "object_id": "5", "object_repr": "Robotablet RX-10", "action_flag": 2, "change_message": "[{\"changed\": {\"fields\": [\"description\"]}}]"}}, {"model": "admin.logentry", "pk": 48, "fields": {"action_time": "2023-01-17T18:21:51.555Z", "user": 1, "content_type": 11, "object_id": "6", "object_repr": "Robotablet RX-11", "action_flag": 2, "change_message": "[{\"changed\": {\"fields\": [\"description\"]}}]"}}, {"model": "admin.logentry", "pk": 49, "fields": {"action_time": "2023-01-17T18:21:56.806Z", "user": 1, "content_type": 11, "object_id": "7", "object_repr": "Robotablet RX-12", "action_flag": 2, "change_message": "[{\"changed\": {\"fields\": [\"description\"]}}]"}}, {"model": "admin.logentry", "pk": 50, "fields": {"action_time": "2023-01-17T18:22:01.794Z", "user": 1, "content_type": 11, "object_id": "8", "object_repr": "Fake-Robotablet RX-12", "action_flag": 2, "change_message": "[{\"changed\": {\"fields\": [\"description\"]}}]"}}, {"model": "admin.logentry", "pk": 51, "fields": {"action_time": "2023-01-17T18:22:08.337Z", "user": 1, "content_type": 11, "object_id": "9", "object_repr": "Robobyke RX-10", "action_flag": 2, "change_message": "[{\"changed\": {\"fields\": [\"description\"]}}]"}}, {"model": "admin.logentry", "pk": 52, "fields": {"action_time": "2023-01-17T18:22:17.580Z", "user": 1, "content_type": 11, "object_id": "10", "object_repr": "Robobyke RX-11", "action_flag": 2, "change_message": "[{\"changed\": {\"fields\": [\"description\"]}}]"}}, {"model": "admin.logentry", "pk": 53, "fields": {"action_time": "2023-01-17T18:22:21.616Z", "user": 1, "content_type": 11, "object_id": "11", "object_repr": "Robobyke RX-12", "action_flag": 2, "change_message": "[{\"changed\": {\"fields\": [\"description\"]}}]"}}, {"model": "admin.logentry", "pk": 54, "fields": {"action_time": "2023-01-17T18:22:26.712Z", "user": 1, "content_type": 11, "object_id": "12", "object_repr": "Fake-Robobyke RX-10", "action_flag": 2, "change_message": "[{\"changed\": {\"fields\": [\"description\"]}}]"}}, {"model": "admin.logentry", "pk": 55, "fields": {"action_time": "2023-01-17T18:22:31.255Z", "user": 1, "content_type": 11, "object_id": "13", "object_repr": "Robobook RX-10", "action_flag": 2, "change_message": "[{\"changed\": {\"fields\": [\"description\"]}}]"}}, {"model": "admin.logentry", "pk": 56, "fields": {"action_time": "2023-01-17T18:22:36.648Z", "user": 1, "content_type": 11, "object_id": "14", "object_repr": "Robobook RX-11", "action_flag": 2, "change_message": "[{\"changed\": {\"fields\": [\"description\"]}}]"}}, {"model": "admin.logentry", "pk": 57, "fields": {"action_time": "2023-01-17T18:22:41.468Z", "user": 1, "content_type": 11, "object_id": "15", "object_repr": "Robobook RX-12", "action_flag": 2, "change_message": "[{\"changed\": {\"fields\": [\"description\"]}}]"}}, {"model": "admin.logentry", "pk": 58, "fields": {"action_time": "2023-01-17T18:22:46.873Z", "user": 1, "content_type": 11, "object_id": "16", "object_repr": "Robobook RX-11", "action_flag": 2, "change_message": "[{\"changed\": {\"fields\": [\"description\"]}}]"}}, {"model": "admin.logentry", "pk": 59, "fields": {"action_time": "2023-01-17T18:22:54.159Z", "user": 1, "content_type": 11, "object_id": "32", "object_repr": "FakeRoboAlisa RX-10", "action_flag": 2, "change_message": "[{\"changed\": {\"fields\": [\"description\"]}}]"}}, {"model": "admin.logentry", "pk": 60, "fields": {"action_time": "2023-01-17T18:22:58.798Z", "user": 1, "content_type": 11, "object_id": "31", "object_repr": "RoboAlisa RX-12", "action_flag": 2, "change_message": "[{\"changed\": {\"fields\": [\"description\"]}}]"}}, {"model": "admin.logentry", "pk": 61, "fields": {"action_time": "2023-01-17T18:23:03.372Z", "user": 1, "content_type": 11, "object_id": "30", "object_repr": "RoboAlisa RX-11", "action_flag": 2, "change_message": "[{\"changed\": {\"fields\": [\"description\"]}}]"}}, {"model": "admin.logentry", "pk": 62, "fields": {"action_time": "2023-01-17T18:23:07.865Z", "user": 1, "content_type": 11, "object_id": "29", "object_repr": "RoboAlisa RX-10", "action_flag": 2, "change_message": "[{\"changed\": {\"fields\": [\"description\"]}}]"}}, {"model": "admin.logentry", "pk": 63, "fields": {"action_time": "2023-01-17T18:23:11.964Z", "user": 1, "content_type": 11, "object_id": "28", "object_repr": "RoboSound RX-10", "action_flag": 2, "change_message": "[{\"changed\": {\"fields\": [\"description\"]}}]"}}, {"model": "admin.logentry", "pk": 64, "fields": {"action_time": "2023-01-17T18:23:16.794Z", "user": 1, "content_type": 11, "object_id": "26", "object_repr": "RoboSound RX-11", "action_flag": 2, "change_message": "[{\"changed\": {\"fields\": [\"description\"]}}]"}}, {"model": "admin.logentry", "pk": 65, "fields": {"action_time": "2023-01-17T18:23:21.221Z", "user": 1, "content_type": 11, "object_id": "25", "object_repr": "RoboSound RX-10", "action_flag": 2, "change_message": "[{\"changed\": {\"fields\": [\"description\"]}}]"}}, {"model": "admin.logentry", "pk": 66, "fields": {"action_time": "2023-01-17T18:23:26.267Z", "user": 1, "content_type": 11, "object_id": "24", "object_repr": "FakeRoboFly RX-10", "action_flag": 2, "change_message": "[{\"changed\": {\"fields\": [\"description\"]}}]"}}, {"model": "admin.logentry", "pk": 67, "fields": {"action_time": "2023-01-17T18:23:30.114Z", "user": 1, "content_type": 11, "object_id": "23", "object_repr": "RoboFly RX-12", "action_flag": 2, "change_message": "[{\"changed\": {\"fields\": [\"description\"]}}]"}}, {"model": "admin.logentry", "pk": 68, "fields": {"action_time": "2023-01-17T18:23:35.097Z", "user": 1, "content_type": 11, "object_id": "22", "object_repr": "RoboFly RX-11", "action_flag": 2, "change_message": "[{\"changed\": {\"fields\": [\"description\"]}}]"}}, {"model": "admin.logentry", "pk": 69, "fields": {"action_time": "2023-01-17T18:23:43.969Z", "user": 1, "content_type": 11, "object_id": "21", "object_repr": "RoboFly RX-10", "action_flag": 2, "change_message": "[{\"changed\": {\"fields\": [\"description\"]}}]"}}, {"model": "admin.logentry", "pk": 70, "fields": {"action_time": "2023-01-17T18:23:48.911Z", "user": 1, "content_type": 11, "object_id": "20", "object_repr": "Fake-RoboCard RX-12", "action_flag": 2, "change_message": "[{\"changed\": {\"fields\": [\"description\"]}}]"}}, {"model": "admin.logentry", "pk": 71, "fields": {"action_time": "2023-01-17T18:23:53.780Z", "user": 1, "content_type": 11, "object_id": "19", "object_repr": "RoboCard RX-12", "action_flag": 2, "change_message": "[{\"changed\": {\"fields\": [\"description\"]}}]"}}, {"model": "admin.logentry", "pk": 72, "fields": {"action_time": "2023-01-17T18:23:59.287Z", "user": 1, "content_type": 11, "object_id": "18", "object_repr": "RoboCard RX-11", "action_flag": 2, "change_message": "[{\"changed\": {\"fields\": [\"description\"]}}]"}}, {"model": "admin.logentry", "pk": 73, "fields": {"action_time": "2023-01-17T18:24:04.096Z", "user": 1, "content_type": 11, "object_id": "17", "object_repr": "RoboCard RX-10", "action_flag": 2, "change_message": "[{\"changed\": {\"fields\": [\"description\"]}}]"}}, {"model": "admin.logentry", "pk": 74, "fields": {"action_time": "2023-01-17T18:25:50.517Z", "user": 1, "content_type": 11, "object_id": "2", "object_repr": "Robophone RX-11", "action_flag": 2, "change_message": "[{\"changed\": {\"name\": \"\\u0438\\u0437\\u043e\\u0431\\u0440\\u0430\\u0436\\u0435\\u043d\\u0438\\u0435\", \"object\": \"Image object (4)\", \"fields\": [\"image\"]}}, {\"changed\": {\"name\": \"\\u0438\\u0437\\u043e\\u0431\\u0440\\u0430\\u0436\\u0435\\u043d\\u0438\\u0435\", \"object\": \"Image object (5)\", \"fields\": [\"image\"]}}, {\"changed\": {\"name\": \"\\u0438\\u0437\\u043e\\u0431\\u0440\\u0430\\u0436\\u0435\\u043d\\u0438\\u0435\", \"object\": \"Image object (6)\", \"fields\": [\"image\"]}}, {\"added\": {\"name\": \"\\u0421\\u0432\\u044f\\u0437\\u044c parameter-product\", \"object\": \"Parameter_products object (5)\"}}, {\"added\": {\"name\": \"\\u0421\\u0432\\u044f\\u0437\\u044c parameter-product\", \"object\": \"Parameter_products object (6)\"}}, {\"added\": {\"name\": \"\\u0421\\u0432\\u044f\\u0437\\u044c parameter-product\", \"object\": \"Parameter_products object (7)\"}}, {\"added\": {\"name\": \"\\u0421\\u0432\\u044f\\u0437\\u044c parameter-product\", \"object\": \"Parameter_products object (8)\"}}]"}}, {"model": "admin.logentry", "pk": 75, "fields": {"action_time": "2023-01-17T18:26:24.495Z", "user": 1, "content_type": 11, "object_id": "3", "object_repr": "Robophone RX-12", "action_flag": 2, "change_message": "[{\"added\": {\"name\": \"\\u0438\\u0437\\u043e\\u0431\\u0440\\u0430\\u0436\\u0435\\u043d\\u0438\\u0435\", \"object\": \"Image object (7)\"}}, {\"added\": {\"name\": \"\\u0438\\u0437\\u043e\\u0431\\u0440\\u0430\\u0436\\u0435\\u043d\\u0438\\u0435\", \"object\": \"Image object (8)\"}}, {\"added\": {\"name\": \"\\u0438\\u0437\\u043e\\u0431\\u0440\\u0430\\u0436\\u0435\\u043d\\u0438\\u0435\", \"object\": \"Image object (9)\"}}, {\"added\": {\"name\": \"\\u0421\\u0432\\u044f\\u0437\\u044c parameter-product\", \"object\": \"Parameter_products object (9)\"}}, {\"added\": {\"name\": \"\\u0421\\u0432\\u044f\\u0437\\u044c parameter-product\", \"object\": \"Parameter_products object (10)\"}}, {\"added\": {\"name\": \"\\u0421\\u0432\\u044f\\u0437\\u044c parameter-product\", \"object\": \"Parameter_products object (11)\"}}, {\"added\": {\"name\": \"\\u0421\\u0432\\u044f\\u0437\\u044c parameter-product\", \"object\": \"Parameter_products object (12)\"}}]"}}, {"model": "admin.logentry", "pk": 76, "fields": {"action_time": "2023-01-17T18:26:52.924Z", "user": 1, "content_type": 11, "object_id": "4", "object_repr": "Fake-Robophone RX-10", "action_flag": 2, "change_message": "[{\"added\": {\"name\": \"\\u0438\\u0437\\u043e\\u0431\\u0440\\u0430\\u0436\\u0435\\u043d\\u0438\\u0435\", \"object\": \"Image object (10)\"}}, {\"added\": {\"name\": \"\\u0421\\u0432\\u044f\\u0437\\u044c parameter-product\", \"object\": \"Parameter_products object (13)\"}}, {\"added\": {\"name\": \"\\u0421\\u0432\\u044f\\u0437\\u044c parameter-product\", \"object\": \"Parameter_products object (14)\"}}, {\"added\": {\"name\": \"\\u0421\\u0432\\u044f\\u0437\\u044c parameter-product\", \"object\": \"Parameter_products object (15)\"}}, {\"added\": {\"name\": \"\\u0421\\u0432\\u044f\\u0437\\u044c parameter-product\", \"object\": \"Parameter_products object (16)\"}}]"}}, {"model": "admin.logentry", "pk": 77, "fields": {"action_time": "2023-01-17T18:27:32.363Z", "user": 1, "content_type": 11, "object_id": "5", "object_repr": "Robotablet RX-10", "action_flag": 2, "change_message": "[{\"added\": {\"name\": \"\\u0438\\u0437\\u043e\\u0431\\u0440\\u0430\\u0436\\u0435\\u043d\\u0438\\u0435\", \"object\": \"Image object (11)\"}}, {\"added\": {\"name\": \"\\u0438\\u0437\\u043e\\u0431\\u0440\\u0430\\u0436\\u0435\\u043d\\u0438\\u0435\", \"object\": \"Image object (12)\"}}, {\"added\": {\"name\": \"\\u0438\\u0437\\u043e\\u0431\\u0440\\u0430\\u0436\\u0435\\u043d\\u0438\\u0435\", \"object\": \"Image object (13)\"}}, {\"added\": {\"name\": \"\\u0421\\u0432\\u044f\\u0437\\u044c parameter-product\", \"object\": \"Parameter_products object (17)\"}}, {\"added\": {\"name\": \"\\u0421\\u0432\\u044f\\u0437\\u044c parameter-product\", \"object\": \"Parameter_products object (18)\"}}, {\"added\": {\"name\": \"\\u0421\\u0432\\u044f\\u0437\\u044c parameter-product\", \"object\": \"Parameter_products object (19)\"}}, {\"added\": {\"name\": \"\\u0421\\u0432\\u044f\\u0437\\u044c parameter-product\", \"object\": \"Parameter_products object (20)\"}}]"}}, {"model": "admin.logentry", "pk": 78, "fields": {"action_time": "2023-01-17T18:28:01.398Z", "user": 1, "content_type": 11, "object_id": "6", "object_repr": "Robotablet RX-11", "action_flag": 2, "change_message": "[{\"added\": {\"name\": \"\\u0438\\u0437\\u043e\\u0431\\u0440\\u0430\\u0436\\u0435\\u043d\\u0438\\u0435\", \"object\": \"Image object (14)\"}}, {\"added\": {\"name\": \"\\u0438\\u0437\\u043e\\u0431\\u0440\\u0430\\u0436\\u0435\\u043d\\u0438\\u0435\", \"object\": \"Image object (15)\"}}, {\"added\": {\"name\": \"\\u0438\\u0437\\u043e\\u0431\\u0440\\u0430\\u0436\\u0435\\u043d\\u0438\\u0435\", \"object\": \"Image object (16)\"}}, {\"added\": {\"name\": \"\\u0421\\u0432\\u044f\\u0437\\u044c parameter-product\", \"object\": \"Parameter_products object (21)\"}}, {\"added\": {\"name\": \"\\u0421\\u0432\\u044f\\u0437\\u044c parameter-product\", \"object\": \"Parameter_products object (22)\"}}, {\"added\": {\"name\": \"\\u0421\\u0432\\u044f\\u0437\\u044c parameter-product\", \"object\": \"Parameter_products object (23)\"}}, {\"added\": {\"name\": \"\\u0421\\u0432\\u044f\\u0437\\u044c parameter-product\", \"object\": \"Parameter_products object (24)\"}}]"}}, {"model": "admin.logentry", "pk": 79, "fields": {"action_time": "2023-01-17T18:28:37.922Z", "user": 1, "content_type": 11, "object_id": "7", "object_repr": "Robotablet RX-12", "action_flag": 2, "change_message": "[{\"added\": {\"name\": \"\\u0438\\u0437\\u043e\\u0431\\u0440\\u0430\\u0436\\u0435\\u043d\\u0438\\u0435\", \"object\": \"Image object (17)\"}}, {\"added\": {\"name\": \"\\u0438\\u0437\\u043e\\u0431\\u0440\\u0430\\u0436\\u0435\\u043d\\u0438\\u0435\", \"object\": \"Image object (18)\"}}, {\"added\": {\"name\": \"\\u0438\\u0437\\u043e\\u0431\\u0440\\u0430\\u0436\\u0435\\u043d\\u0438\\u0435\", \"object\": \"Image object (19)\"}}, {\"added\": {\"name\": \"\\u0421\\u0432\\u044f\\u0437\\u044c parameter-product\", \"object\": \"Parameter_products object (25)\"}}, {\"added\": {\"name\": \"\\u0421\\u0432\\u044f\\u0437\\u044c parameter-product\", \"object\": \"Parameter_products object (26)\"}}, {\"added\": {\"name\": \"\\u0421\\u0432\\u044f\\u0437\\u044c parameter-product\", \"object\": \"Parameter_products object (27)\"}}, {\"added\": {\"name\": \"\\u0421\\u0432\\u044f\\u0437\\u044c parameter-product\", \"object\": \"Parameter_products object (28)\"}}]"}}, {"model": "admin.logentry", "pk": 80, "fields": {"action_time": "2023-01-17T18:29:10.064Z", "user": 1, "content_type": 11, "object_id": "8", "object_repr": "Fake-Robotablet RX-12", "action_flag": 2, "change_message": "[{\"added\": {\"name\": \"\\u0438\\u0437\\u043e\\u0431\\u0440\\u0430\\u0436\\u0435\\u043d\\u0438\\u0435\", \"object\": \"Image object (20)\"}}, {\"added\": {\"name\": \"\\u0421\\u0432\\u044f\\u0437\\u044c parameter-product\", \"object\": \"Parameter_products object (29)\"}}, {\"added\": {\"name\": \"\\u0421\\u0432\\u044f\\u0437\\u044c parameter-product\", \"object\": \"Parameter_products object (30)\"}}, {\"added\": {\"name\": \"\\u0421\\u0432\\u044f\\u0437\\u044c parameter-product\", \"object\": \"Parameter_products object (31)\"}}, {\"added\": {\"name\": \"\\u0421\\u0432\\u044f\\u0437\\u044c parameter-product\", \"object\": \"Parameter_products object (32)\"}}]"}}, {"model": "admin.logentry", "pk": 81, "fields": {"action_time": "2023-01-17T18:29:57.511Z", "user": 1, "content_type": 11, "object_id": "9", "object_repr": "Robobyke RX-10", "action_flag": 2, "change_message": "[{\"added\": {\"name\": \"\\u0438\\u0437\\u043e\\u0431\\u0440\\u0430\\u0436\\u0435\\u043d\\u0438\\u0435\", \"object\": \"Image object (21)\"}}, {\"added\": {\"name\": \"\\u0438\\u0437\\u043e\\u0431\\u0440\\u0430\\u0436\\u0435\\u043d\\u0438\\u0435\", \"object\": \"Image object (22)\"}}, {\"added\": {\"name\": \"\\u0438\\u0437\\u043e\\u0431\\u0440\\u0430\\u0436\\u0435\\u043d\\u0438\\u0435\", \"object\": \"Image object (23)\"}}, {\"added\": {\"name\": \"\\u0421\\u0432\\u044f\\u0437\\u044c parameter-product\", \"object\": \"Parameter_products object (33)\"}}, {\"added\": {\"name\": \"\\u0421\\u0432\\u044f\\u0437\\u044c parameter-product\", \"object\": \"Parameter_products object (34)\"}}, {\"added\": {\"name\": \"\\u0421\\u0432\\u044f\\u0437\\u044c parameter-product\", \"object\": \"Parameter_products object (35)\"}}, {\"added\": {\"name\": \"\\u0421\\u0432\\u044f\\u0437\\u044c parameter-product\", \"object\": \"Parameter_products object (36)\"}}]"}}, {"model": "admin.logentry", "pk": 82, "fields": {"action_time": "2023-01-17T18:30:21.367Z", "user": 1, "content_type": 11, "object_id": "10", "object_repr": "Robobyke RX-11", "action_flag": 2, "change_message": "[{\"added\": {\"name\": \"\\u0438\\u0437\\u043e\\u0431\\u0440\\u0430\\u0436\\u0435\\u043d\\u0438\\u0435\", \"object\": \"Image object (24)\"}}, {\"added\": {\"name\": \"\\u0438\\u0437\\u043e\\u0431\\u0440\\u0430\\u0436\\u0435\\u043d\\u0438\\u0435\", \"object\": \"Image object (25)\"}}, {\"added\": {\"name\": \"\\u0438\\u0437\\u043e\\u0431\\u0440\\u0430\\u0436\\u0435\\u043d\\u0438\\u0435\", \"object\": \"Image object (26)\"}}, {\"added\": {\"name\": \"\\u0421\\u0432\\u044f\\u0437\\u044c parameter-product\", \"object\": \"Parameter_products object (37)\"}}, {\"added\": {\"name\": \"\\u0421\\u0432\\u044f\\u0437\\u044c parameter-product\", \"object\": \"Parameter_products object (38)\"}}, {\"added\": {\"name\": \"\\u0421\\u0432\\u044f\\u0437\\u044c parameter-product\", \"object\": \"Parameter_products object (39)\"}}, {\"added\": {\"name\": \"\\u0421\\u0432\\u044f\\u0437\\u044c parameter-product\", \"object\": \"Parameter_products object (40)\"}}]"}}, {"model": "admin.logentry", "pk": 83, "fields": {"action_time": "2023-01-17T18:30:55.028Z", "user": 1, "content_type": 11, "object_id": "11", "object_repr": "Robobyke RX-12", "action_flag": 2, "change_message": "[{\"added\": {\"name\": \"\\u0438\\u0437\\u043e\\u0431\\u0440\\u0430\\u0436\\u0435\\u043d\\u0438\\u0435\", \"object\": \"Image object (27)\"}}, {\"added\": {\"name\": \"\\u0438\\u0437\\u043e\\u0431\\u0440\\u0430\\u0436\\u0435\\u043d\\u0438\\u0435\", \"object\": \"Image object (28)\"}}, {\"added\": {\"name\": \"\\u0421\\u0432\\u044f\\u0437\\u044c parameter-product\", \"object\": \"Parameter_products object (41)\"}}, {\"added\": {\"name\": \"\\u0421\\u0432\\u044f\\u0437\\u044c parameter-product\", \"object\": \"Parameter_products object (42)\"}}, {\"added\": {\"name\": \"\\u0421\\u0432\\u044f\\u0437\\u044c parameter-product\", \"object\": \"Parameter_products object (43)\"}}, {\"added\": {\"name\": \"\\u0421\\u0432\\u044f\\u0437\\u044c parameter-product\", \"object\": \"Parameter_products object (44)\"}}]"}}, {"model": "admin.logentry", "pk": 84, "fields": {"action_time": "2023-01-17T18:31:17.365Z", "user": 1, "content_type": 11, "object_id": "12", "object_repr": "Fake-Robobyke RX-10", "action_flag": 2, "change_message": "[{\"added\": {\"name\": \"\\u0438\\u0437\\u043e\\u0431\\u0440\\u0430\\u0436\\u0435\\u043d\\u0438\\u0435\", \"object\": \"Image object (29)\"}}, {\"added\": {\"name\": \"\\u0421\\u0432\\u044f\\u0437\\u044c parameter-product\", \"object\": \"Parameter_products object (45)\"}}, {\"added\": {\"name\": \"\\u0421\\u0432\\u044f\\u0437\\u044c parameter-product\", \"object\": \"Parameter_products object (46)\"}}, {\"added\": {\"name\": \"\\u0421\\u0432\\u044f\\u0437\\u044c parameter-product\", \"object\": \"Parameter_products object (47)\"}}, {\"added\": {\"name\": \"\\u0421\\u0432\\u044f\\u0437\\u044c parameter-product\", \"object\": \"Parameter_products object (48)\"}}]"}}, {"model": "admin.logentry", "pk": 85, "fields": {"action_time": "2023-01-17T18:31:44.461Z", "user": 1, "content_type": 11, "object_id": "13", "object_repr": "Robobook RX-10", "action_flag": 2, "change_message": "[{\"added\": {\"name\": \"\\u0438\\u0437\\u043e\\u0431\\u0440\\u0430\\u0436\\u0435\\u043d\\u0438\\u0435\", \"object\": \"Image object (30)\"}}, {\"added\": {\"name\": \"\\u0438\\u0437\\u043e\\u0431\\u0440\\u0430\\u0436\\u0435\\u043d\\u0438\\u0435\", \"object\": \"Image object (31)\"}}, {\"added\": {\"name\": \"\\u0438\\u0437\\u043e\\u0431\\u0440\\u0430\\u0436\\u0435\\u043d\\u0438\\u0435\", \"object\": \"Image object (32)\"}}, {\"added\": {\"name\": \"\\u0421\\u0432\\u044f\\u0437\\u044c parameter-product\", \"object\": \"Parameter_products object (49)\"}}, {\"added\": {\"name\": \"\\u0421\\u0432\\u044f\\u0437\\u044c parameter-product\", \"object\": \"Parameter_products object (50)\"}}, {\"added\": {\"name\": \"\\u0421\\u0432\\u044f\\u0437\\u044c parameter-product\", \"object\": \"Parameter_products object (51)\"}}, {\"added\": {\"name\": \"\\u0421\\u0432\\u044f\\u0437\\u044c parameter-product\", \"object\": \"Parameter_products object (52)\"}}]"}}, {"model": "admin.logentry", "pk": 86, "fields": {"action_time": "2023-01-17T18:32:09.377Z", "user": 1, "content_type": 11, "object_id": "14", "object_repr": "Robobook RX-11", "action_flag": 2, "change_message": "[{\"added\": {\"name\": \"\\u0438\\u0437\\u043e\\u0431\\u0440\\u0430\\u0436\\u0435\\u043d\\u0438\\u0435\", \"object\": \"Image object (33)\"}}, {\"added\": {\"name\": \"\\u0438\\u0437\\u043e\\u0431\\u0440\\u0430\\u0436\\u0435\\u043d\\u0438\\u0435\", \"object\": \"Image object (34)\"}}, {\"added\": {\"name\": \"\\u0438\\u0437\\u043e\\u0431\\u0440\\u0430\\u0436\\u0435\\u043d\\u0438\\u0435\", \"object\": \"Image object (35)\"}}, {\"added\": {\"name\": \"\\u0421\\u0432\\u044f\\u0437\\u044c parameter-product\", \"object\": \"Parameter_products object (53)\"}}, {\"added\": {\"name\": \"\\u0421\\u0432\\u044f\\u0437\\u044c parameter-product\", \"object\": \"Parameter_products object (54)\"}}, {\"added\": {\"name\": \"\\u0421\\u0432\\u044f\\u0437\\u044c parameter-product\", \"object\": \"Parameter_products object (55)\"}}, {\"added\": {\"name\": \"\\u0421\\u0432\\u044f\\u0437\\u044c parameter-product\", \"object\": \"Parameter_products object (56)\"}}]"}}, {"model": "admin.logentry", "pk": 87, "fields": {"action_time": "2023-01-17T18:32:43.887Z", "user": 1, "content_type": 11, "object_id": "15", "object_repr": "Robobook RX-12", "action_flag": 2, "change_message": "[{\"added\": {\"name\": \"\\u0438\\u0437\\u043e\\u0431\\u0440\\u0430\\u0436\\u0435\\u043d\\u0438\\u0435\", \"object\": \"Image object (36)\"}}, {\"added\": {\"name\": \"\\u0438\\u0437\\u043e\\u0431\\u0440\\u0430\\u0436\\u0435\\u043d\\u0438\\u0435\", \"object\": \"Image object (37)\"}}, {\"added\": {\"name\": \"\\u0438\\u0437\\u043e\\u0431\\u0440\\u0430\\u0436\\u0435\\u043d\\u0438\\u0435\", \"object\": \"Image object (38)\"}}, {\"added\": {\"name\": \"\\u0421\\u0432\\u044f\\u0437\\u044c parameter-product\", \"object\": \"Parameter_products object (57)\"}}, {\"added\": {\"name\": \"\\u0421\\u0432\\u044f\\u0437\\u044c parameter-product\", \"object\": \"Parameter_products object (58)\"}}, {\"added\": {\"name\": \"\\u0421\\u0432\\u044f\\u0437\\u044c parameter-product\", \"object\": \"Parameter_products object (59)\"}}, {\"added\": {\"name\": \"\\u0421\\u0432\\u044f\\u0437\\u044c parameter-product\", \"object\": \"Parameter_products object (60)\"}}]"}}, {"model": "admin.logentry", "pk": 88, "fields": {"action_time": "2023-01-17T18:33:10.799Z", "user": 1, "content_type": 11, "object_id": "16", "object_repr": "Robobook RX-11", "action_flag": 2, "change_message": "[{\"added\": {\"name\": \"\\u0438\\u0437\\u043e\\u0431\\u0440\\u0430\\u0436\\u0435\\u043d\\u0438\\u0435\", \"object\": \"Image object (39)\"}}, {\"added\": {\"name\": \"\\u0438\\u0437\\u043e\\u0431\\u0440\\u0430\\u0436\\u0435\\u043d\\u0438\\u0435\", \"object\": \"Image object (40)\"}}, {\"added\": {\"name\": \"\\u0438\\u0437\\u043e\\u0431\\u0440\\u0430\\u0436\\u0435\\u043d\\u0438\\u0435\", \"object\": \"Image object (41)\"}}, {\"added\": {\"name\": \"\\u0421\\u0432\\u044f\\u0437\\u044c parameter-product\", \"object\": \"Parameter_products object (61)\"}}, {\"added\": {\"name\": \"\\u0421\\u0432\\u044f\\u0437\\u044c parameter-product\", \"object\": \"Parameter_products object (62)\"}}, {\"added\": {\"name\": \"\\u0421\\u0432\\u044f\\u0437\\u044c parameter-product\", \"object\": \"Parameter_products object (63)\"}}, {\"added\": {\"name\": \"\\u0421\\u0432\\u044f\\u0437\\u044c parameter-product\", \"object\": \"Parameter_products object (64)\"}}]"}}, {"model": "admin.logentry", "pk": 89, "fields": {"action_time": "2023-01-17T18:33:41.701Z", "user": 1, "content_type": 11, "object_id": "32", "object_repr": "FakeRoboAlisa RX-10", "action_flag": 2, "change_message": "[{\"added\": {\"name\": \"\\u0438\\u0437\\u043e\\u0431\\u0440\\u0430\\u0436\\u0435\\u043d\\u0438\\u0435\", \"object\": \"Image object (42)\"}}, {\"added\": {\"name\": \"\\u0438\\u0437\\u043e\\u0431\\u0440\\u0430\\u0436\\u0435\\u043d\\u0438\\u0435\", \"object\": \"Image object (43)\"}}, {\"added\": {\"name\": \"\\u0421\\u0432\\u044f\\u0437\\u044c parameter-product\", \"object\": \"Parameter_products object (65)\"}}, {\"added\": {\"name\": \"\\u0421\\u0432\\u044f\\u0437\\u044c parameter-product\", \"object\": \"Parameter_products object (66)\"}}, {\"added\": {\"name\": \"\\u0421\\u0432\\u044f\\u0437\\u044c parameter-product\", \"object\": \"Parameter_products object (67)\"}}, {\"added\": {\"name\": \"\\u0421\\u0432\\u044f\\u0437\\u044c parameter-product\", \"object\": \"Parameter_products object (68)\"}}]"}}, {"model": "admin.logentry", "pk": 90, "fields": {"action_time": "2023-01-17T18:34:23.055Z", "user": 1, "content_type": 11, "object_id": "31", "object_repr": "RoboAlisa RX-12", "action_flag": 2, "change_message": "[{\"added\": {\"name\": \"\\u0438\\u0437\\u043e\\u0431\\u0440\\u0430\\u0436\\u0435\\u043d\\u0438\\u0435\", \"object\": \"Image object (44)\"}}, {\"added\": {\"name\": \"\\u0438\\u0437\\u043e\\u0431\\u0440\\u0430\\u0436\\u0435\\u043d\\u0438\\u0435\", \"object\": \"Image object (45)\"}}, {\"added\": {\"name\": \"\\u0438\\u0437\\u043e\\u0431\\u0440\\u0430\\u0436\\u0435\\u043d\\u0438\\u0435\", \"object\": \"Image object (46)\"}}, {\"added\": {\"name\": \"\\u0421\\u0432\\u044f\\u0437\\u044c parameter-product\", \"object\": \"Parameter_products object (69)\"}}, {\"added\": {\"name\": \"\\u0421\\u0432\\u044f\\u0437\\u044c parameter-product\", \"object\": \"Parameter_products object (70)\"}}, {\"added\": {\"name\": \"\\u0421\\u0432\\u044f\\u0437\\u044c parameter-product\", \"object\": \"Parameter_products object (71)\"}}, {\"added\": {\"name\": \"\\u0421\\u0432\\u044f\\u0437\\u044c parameter-product\", \"object\": \"Parameter_products object (72)\"}}]"}}, {"model": "admin.logentry", "pk": 91, "fields": {"action_time": "2023-01-17T18:34:44.443Z", "user": 1, "content_type": 11, "object_id": "30", "object_repr": "RoboAlisa RX-11", "action_flag": 2, "change_message": "[{\"added\": {\"name\": \"\\u0438\\u0437\\u043e\\u0431\\u0440\\u0430\\u0436\\u0435\\u043d\\u0438\\u0435\", \"object\": \"Image object (47)\"}}, {\"added\": {\"name\": \"\\u0438\\u0437\\u043e\\u0431\\u0440\\u0430\\u0436\\u0435\\u043d\\u0438\\u0435\", \"object\": \"Image object (48)\"}}, {\"added\": {\"name\": \"\\u0438\\u0437\\u043e\\u0431\\u0440\\u0430\\u0436\\u0435\\u043d\\u0438\\u0435\", \"object\": \"Image object (49)\"}}, {\"added\": {\"name\": \"\\u0421\\u0432\\u044f\\u0437\\u044c parameter-product\", \"object\": \"Parameter_products object (73)\"}}, {\"added\": {\"name\": \"\\u0421\\u0432\\u044f\\u0437\\u044c parameter-product\", \"object\": \"Parameter_products object (74)\"}}, {\"added\": {\"name\": \"\\u0421\\u0432\\u044f\\u0437\\u044c parameter-product\", \"object\": \"Parameter_products object (75)\"}}, {\"added\": {\"name\": \"\\u0421\\u0432\\u044f\\u0437\\u044c parameter-product\", \"object\": \"Parameter_products object (76)\"}}]"}}, {"model": "admin.logentry", "pk": 92, "fields": {"action_time": "2023-01-17T18:35:23.159Z", "user": 1, "content_type": 11, "object_id": "29", "object_repr": "RoboAlisa RX-10", "action_flag": 2, "change_message": "[{\"added\": {\"name\": \"\\u0438\\u0437\\u043e\\u0431\\u0440\\u0430\\u0436\\u0435\\u043d\\u0438\\u0435\", \"object\": \"Image object (50)\"}}, {\"added\": {\"name\": \"\\u0438\\u0437\\u043e\\u0431\\u0440\\u0430\\u0436\\u0435\\u043d\\u0438\\u0435\", \"object\": \"Image object (51)\"}}, {\"added\": {\"name\": \"\\u0438\\u0437\\u043e\\u0431\\u0440\\u0430\\u0436\\u0435\\u043d\\u0438\\u0435\", \"object\": \"Image object (52)\"}}, {\"added\": {\"name\": \"\\u0421\\u0432\\u044f\\u0437\\u044c parameter-product\", \"object\": \"Parameter_products object (77)\"}}, {\"added\": {\"name\": \"\\u0421\\u0432\\u044f\\u0437\\u044c parameter-product\", \"object\": \"Parameter_products object (78)\"}}, {\"added\": {\"name\": \"\\u0421\\u0432\\u044f\\u0437\\u044c parameter-product\", \"object\": \"Parameter_products object (79)\"}}, {\"added\": {\"name\": \"\\u0421\\u0432\\u044f\\u0437\\u044c parameter-product\", \"object\": \"Parameter_products object (80)\"}}]"}}, {"model": "admin.logentry", "pk": 93, "fields": {"action_time": "2023-01-17T18:36:03.196Z", "user": 1, "content_type": 11, "object_id": "28", "object_repr": "RoboSound RX-10", "action_flag": 2, "change_message": "[{\"added\": {\"name\": \"\\u0438\\u0437\\u043e\\u0431\\u0440\\u0430\\u0436\\u0435\\u043d\\u0438\\u0435\", \"object\": \"Image object (53)\"}}, {\"added\": {\"name\": \"\\u0438\\u0437\\u043e\\u0431\\u0440\\u0430\\u0436\\u0435\\u043d\\u0438\\u0435\", \"object\": \"Image object (54)\"}}, {\"added\": {\"name\": \"\\u0438\\u0437\\u043e\\u0431\\u0440\\u0430\\u0436\\u0435\\u043d\\u0438\\u0435\", \"object\": \"Image object (55)\"}}, {\"added\": {\"name\": \"\\u0421\\u0432\\u044f\\u0437\\u044c parameter-product\", \"object\": \"Parameter_products object (81)\"}}, {\"added\": {\"name\": \"\\u0421\\u0432\\u044f\\u0437\\u044c parameter-product\", \"object\": \"Parameter_products object (82)\"}}, {\"added\": {\"name\": \"\\u0421\\u0432\\u044f\\u0437\\u044c parameter-product\", \"object\": \"Parameter_products object (83)\"}}, {\"added\": {\"name\": \"\\u0421\\u0432\\u044f\\u0437\\u044c parameter-product\", \"object\": \"Parameter_products object (84)\"}}]"}}, {"model": "admin.logentry", "pk": 94, "fields": {"action_time": "2023-01-17T18:36:44.262Z", "user": 1, "content_type": 11, "object_id": "27", "object_repr": "RoboSound RX-12", "action_flag": 2, "change_message": "[{\"changed\": {\"fields\": [\"description\"]}}, {\"added\": {\"name\": \"\\u0438\\u0437\\u043e\\u0431\\u0440\\u0430\\u0436\\u0435\\u043d\\u0438\\u0435\", \"object\": \"Image object (56)\"}}, {\"added\": {\"name\": \"\\u0438\\u0437\\u043e\\u0431\\u0440\\u0430\\u0436\\u0435\\u043d\\u0438\\u0435\", \"object\": \"Image object (57)\"}}, {\"added\": {\"name\": \"\\u0438\\u0437\\u043e\\u0431\\u0440\\u0430\\u0436\\u0435\\u043d\\u0438\\u0435\", \"object\": \"Image object (58)\"}}, {\"added\": {\"name\": \"\\u0421\\u0432\\u044f\\u0437\\u044c parameter-product\", \"object\": \"Parameter_products object (85)\"}}, {\"added\": {\"name\": \"\\u0421\\u0432\\u044f\\u0437\\u044c parameter-product\", \"object\": \"Parameter_products object (86)\"}}, {\"added\": {\"name\": \"\\u0421\\u0432\\u044f\\u0437\\u044c parameter-product\", \"object\": \"Parameter_products object (87)\"}}, {\"added\": {\"name\": \"\\u0421\\u0432\\u044f\\u0437\\u044c parameter-product\", \"object\": \"Parameter_products object (88)\"}}]"}}, {"model": "admin.logentry", "pk": 95, "fields": {"action_time": "2023-01-17T18:37:11.015Z", "user": 1, "content_type": 11, "object_id": "26", "object_repr": "RoboSound RX-11", "action_flag": 2, "change_message": "[{\"added\": {\"name\": \"\\u0438\\u0437\\u043e\\u0431\\u0440\\u0430\\u0436\\u0435\\u043d\\u0438\\u0435\", \"object\": \"Image object (59)\"}}, {\"added\": {\"name\": \"\\u0438\\u0437\\u043e\\u0431\\u0440\\u0430\\u0436\\u0435\\u043d\\u0438\\u0435\", \"object\": \"Image object (60)\"}}, {\"added\": {\"name\": \"\\u0438\\u0437\\u043e\\u0431\\u0440\\u0430\\u0436\\u0435\\u043d\\u0438\\u0435\", \"object\": \"Image object (61)\"}}, {\"added\": {\"name\": \"\\u0421\\u0432\\u044f\\u0437\\u044c parameter-product\", \"object\": \"Parameter_products object (89)\"}}, {\"added\": {\"name\": \"\\u0421\\u0432\\u044f\\u0437\\u044c parameter-product\", \"object\": \"Parameter_products object (90)\"}}, {\"added\": {\"name\": \"\\u0421\\u0432\\u044f\\u0437\\u044c parameter-product\", \"object\": \"Parameter_products object (91)\"}}, {\"added\": {\"name\": \"\\u0421\\u0432\\u044f\\u0437\\u044c parameter-product\", \"object\": \"Parameter_products object (92)\"}}]"}}, {"model": "admin.logentry", "pk": 96, "fields": {"action_time": "2023-01-17T18:37:59.530Z", "user": 1, "content_type": 11, "object_id": "25", "object_repr": "RoboSound RX-10", "action_flag": 2, "change_message": "[{\"added\": {\"name\": \"\\u0438\\u0437\\u043e\\u0431\\u0440\\u0430\\u0436\\u0435\\u043d\\u0438\\u0435\", \"object\": \"Image object (62)\"}}, {\"added\": {\"name\": \"\\u0438\\u0437\\u043e\\u0431\\u0440\\u0430\\u0436\\u0435\\u043d\\u0438\\u0435\", \"object\": \"Image object (63)\"}}, {\"added\": {\"name\": \"\\u0438\\u0437\\u043e\\u0431\\u0440\\u0430\\u0436\\u0435\\u043d\\u0438\\u0435\", \"object\": \"Image object (64)\"}}, {\"added\": {\"name\": \"\\u0421\\u0432\\u044f\\u0437\\u044c parameter-product\", \"object\": \"Parameter_products object (93)\"}}, {\"added\": {\"name\": \"\\u0421\\u0432\\u044f\\u0437\\u044c parameter-product\", \"object\": \"Parameter_products object (94)\"}}, {\"added\": {\"name\": \"\\u0421\\u0432\\u044f\\u0437\\u044c parameter-product\", \"object\": \"Parameter_products object (95)\"}}, {\"added\": {\"name\": \"\\u0421\\u0432\\u044f\\u0437\\u044c parameter-product\", \"object\": \"Parameter_products object (96)\"}}]"}}, {"model": "admin.logentry", "pk": 97, "fields": {"action_time": "2023-01-17T18:38:49.802Z", "user": 1, "content_type": 11, "object_id": "21", "object_repr": "RoboFly RX-10", "action_flag": 2, "change_message": "[{\"added\": {\"name\": \"\\u0438\\u0437\\u043e\\u0431\\u0440\\u0430\\u0436\\u0435\\u043d\\u0438\\u0435\", \"object\": \"Image object (65)\"}}, {\"added\": {\"name\": \"\\u0438\\u0437\\u043e\\u0431\\u0440\\u0430\\u0436\\u0435\\u043d\\u0438\\u0435\", \"object\": \"Image object (66)\"}}, {\"added\": {\"name\": \"\\u0438\\u0437\\u043e\\u0431\\u0440\\u0430\\u0436\\u0435\\u043d\\u0438\\u0435\", \"object\": \"Image object (67)\"}}, {\"added\": {\"name\": \"\\u0421\\u0432\\u044f\\u0437\\u044c parameter-product\", \"object\": \"Parameter_products object (97)\"}}, {\"added\": {\"name\": \"\\u0421\\u0432\\u044f\\u0437\\u044c parameter-product\", \"object\": \"Parameter_products object (98)\"}}, {\"added\": {\"name\": \"\\u0421\\u0432\\u044f\\u0437\\u044c parameter-product\", \"object\": \"Parameter_products object (99)\"}}, {\"added\": {\"name\": \"\\u0421\\u0432\\u044f\\u0437\\u044c parameter-product\", \"object\": \"Parameter_products object (100)\"}}]"}}, {"model": "admin.logentry", "pk": 98, "fields": {"action_time": "2023-01-17T18:39:13.418Z", "user": 1, "content_type": 11, "object_id": "22", "object_repr": "RoboFly RX-11", "action_flag": 2, "change_message": "[{\"added\": {\"name\": \"\\u0438\\u0437\\u043e\\u0431\\u0440\\u0430\\u0436\\u0435\\u043d\\u0438\\u0435\", \"object\": \"Image object (68)\"}}, {\"added\": {\"name\": \"\\u0438\\u0437\\u043e\\u0431\\u0440\\u0430\\u0436\\u0435\\u043d\\u0438\\u0435\", \"object\": \"Image object (69)\"}}, {\"added\": {\"name\": \"\\u0438\\u0437\\u043e\\u0431\\u0440\\u0430\\u0436\\u0435\\u043d\\u0438\\u0435\", \"object\": \"Image object (70)\"}}, {\"added\": {\"name\": \"\\u0421\\u0432\\u044f\\u0437\\u044c parameter-product\", \"object\": \"Parameter_products object (101)\"}}, {\"added\": {\"name\": \"\\u0421\\u0432\\u044f\\u0437\\u044c parameter-product\", \"object\": \"Parameter_products object (102)\"}}, {\"added\": {\"name\": \"\\u0421\\u0432\\u044f\\u0437\\u044c parameter-product\", \"object\": \"Parameter_products object (103)\"}}, {\"added\": {\"name\": \"\\u0421\\u0432\\u044f\\u0437\\u044c parameter-product\", \"object\": \"Parameter_products object (104)\"}}]"}}, {"model": "admin.logentry", "pk": 99, "fields": {"action_time": "2023-01-17T18:39:37.222Z", "user": 1, "content_type": 11, "object_id": "23", "object_repr": "RoboFly RX-12", "action_flag": 2, "change_message": "[{\"added\": {\"name\": \"\\u0438\\u0437\\u043e\\u0431\\u0440\\u0430\\u0436\\u0435\\u043d\\u0438\\u0435\", \"object\": \"Image object (71)\"}}, {\"added\": {\"name\": \"\\u0438\\u0437\\u043e\\u0431\\u0440\\u0430\\u0436\\u0435\\u043d\\u0438\\u0435\", \"object\": \"Image object (72)\"}}, {\"added\": {\"name\": \"\\u0438\\u0437\\u043e\\u0431\\u0440\\u0430\\u0436\\u0435\\u043d\\u0438\\u0435\", \"object\": \"Image object (73)\"}}, {\"added\": {\"name\": \"\\u0421\\u0432\\u044f\\u0437\\u044c parameter-product\", \"object\": \"Parameter_products object (105)\"}}, {\"added\": {\"name\": \"\\u0421\\u0432\\u044f\\u0437\\u044c parameter-product\", \"object\": \"Parameter_products object (106)\"}}, {\"added\": {\"name\": \"\\u0421\\u0432\\u044f\\u0437\\u044c parameter-product\", \"object\": \"Parameter_products object (107)\"}}, {\"added\": {\"name\": \"\\u0421\\u0432\\u044f\\u0437\\u044c parameter-product\", \"object\": \"Parameter_products object (108)\"}}]"}}, {"model": "admin.logentry", "pk": 100, "fields": {"action_time": "2023-01-17T18:40:03.078Z", "user": 1, "content_type": 11, "object_id": "24", "object_repr": "FakeRoboFly RX-10", "action_flag": 2, "change_message": "[{\"added\": {\"name\": \"\\u0438\\u0437\\u043e\\u0431\\u0440\\u0430\\u0436\\u0435\\u043d\\u0438\\u0435\", \"object\": \"Image object (74)\"}}, {\"added\": {\"name\": \"\\u0438\\u0437\\u043e\\u0431\\u0440\\u0430\\u0436\\u0435\\u043d\\u0438\\u0435\", \"object\": \"Image object (75)\"}}, {\"added\": {\"name\": \"\\u0438\\u0437\\u043e\\u0431\\u0440\\u0430\\u0436\\u0435\\u043d\\u0438\\u0435\", \"object\": \"Image object (76)\"}}, {\"added\": {\"name\": \"\\u0421\\u0432\\u044f\\u0437\\u044c parameter-product\", \"object\": \"Parameter_products object (109)\"}}, {\"added\": {\"name\": \"\\u0421\\u0432\\u044f\\u0437\\u044c parameter-product\", \"object\": \"Parameter_products object (110)\"}}, {\"added\": {\"name\": \"\\u0421\\u0432\\u044f\\u0437\\u044c parameter-product\", \"object\": \"Parameter_products object (111)\"}}, {\"added\": {\"name\": \"\\u0421\\u0432\\u044f\\u0437\\u044c parameter-product\", \"object\": \"Parameter_products object (112)\"}}]"}}, {"model": "admin.logentry", "pk": 101, "fields": {"action_time": "2023-01-17T18:40:57.714Z", "user": 1, "content_type": 11, "object_id": "20", "object_repr": "Fake-RoboCard RX-12", "action_flag": 2, "change_message": "[{\"added\": {\"name\": \"\\u0438\\u0437\\u043e\\u0431\\u0440\\u0430\\u0436\\u0435\\u043d\\u0438\\u0435\", \"object\": \"Image object (77)\"}}, {\"added\": {\"name\": \"\\u0438\\u0437\\u043e\\u0431\\u0440\\u0430\\u0436\\u0435\\u043d\\u0438\\u0435\", \"object\": \"Image object (78)\"}}, {\"added\": {\"name\": \"\\u0438\\u0437\\u043e\\u0431\\u0440\\u0430\\u0436\\u0435\\u043d\\u0438\\u0435\", \"object\": \"Image object (79)\"}}, {\"added\": {\"name\": \"\\u0421\\u0432\\u044f\\u0437\\u044c parameter-product\", \"object\": \"Parameter_products object (113)\"}}, {\"added\": {\"name\": \"\\u0421\\u0432\\u044f\\u0437\\u044c parameter-product\", \"object\": \"Parameter_products object (114)\"}}, {\"added\": {\"name\": \"\\u0421\\u0432\\u044f\\u0437\\u044c parameter-product\", \"object\": \"Parameter_products object (115)\"}}, {\"added\": {\"name\": \"\\u0421\\u0432\\u044f\\u0437\\u044c parameter-product\", \"object\": \"Parameter_products object (116)\"}}]"}}, {"model": "admin.logentry", "pk": 102, "fields": {"action_time": "2023-01-17T18:41:18.996Z", "user": 1, "content_type": 11, "object_id": "19", "object_repr": "RoboCard RX-12", "action_flag": 2, "change_message": "[{\"added\": {\"name\": \"\\u0438\\u0437\\u043e\\u0431\\u0440\\u0430\\u0436\\u0435\\u043d\\u0438\\u0435\", \"object\": \"Image object (80)\"}}, {\"added\": {\"name\": \"\\u0438\\u0437\\u043e\\u0431\\u0440\\u0430\\u0436\\u0435\\u043d\\u0438\\u0435\", \"object\": \"Image object (81)\"}}, {\"added\": {\"name\": \"\\u0438\\u0437\\u043e\\u0431\\u0440\\u0430\\u0436\\u0435\\u043d\\u0438\\u0435\", \"object\": \"Image object (82)\"}}, {\"added\": {\"name\": \"\\u0421\\u0432\\u044f\\u0437\\u044c parameter-product\", \"object\": \"Parameter_products object (117)\"}}, {\"added\": {\"name\": \"\\u0421\\u0432\\u044f\\u0437\\u044c parameter-product\", \"object\": \"Parameter_products object (118)\"}}, {\"added\": {\"name\": \"\\u0421\\u0432\\u044f\\u0437\\u044c parameter-product\", \"object\": \"Parameter_products object (119)\"}}, {\"added\": {\"name\": \"\\u0421\\u0432\\u044f\\u0437\\u044c parameter-product\", \"object\": \"Parameter_products object (120)\"}}]"}}, {"model": "admin.logentry", "pk": 103, "fields": {"action_time": "2023-01-17T18:41:44.313Z", "user": 1, "content_type": 11, "object_id": "18", "object_repr": "RoboCard RX-11", "action_flag": 2, "change_message": "[{\"added\": {\"name\": \"\\u0438\\u0437\\u043e\\u0431\\u0440\\u0430\\u0436\\u0435\\u043d\\u0438\\u0435\", \"object\": \"Image object (83)\"}}, {\"added\": {\"name\": \"\\u0438\\u0437\\u043e\\u0431\\u0440\\u0430\\u0436\\u0435\\u043d\\u0438\\u0435\", \"object\": \"Image object (84)\"}}, {\"added\": {\"name\": \"\\u0438\\u0437\\u043e\\u0431\\u0440\\u0430\\u0436\\u0435\\u043d\\u0438\\u0435\", \"object\": \"Image object (85)\"}}, {\"added\": {\"name\": \"\\u0421\\u0432\\u044f\\u0437\\u044c parameter-product\", \"object\": \"Parameter_products object (121)\"}}, {\"added\": {\"name\": \"\\u0421\\u0432\\u044f\\u0437\\u044c parameter-product\", \"object\": \"Parameter_products object (122)\"}}, {\"added\": {\"name\": \"\\u0421\\u0432\\u044f\\u0437\\u044c parameter-product\", \"object\": \"Parameter_products object (123)\"}}, {\"added\": {\"name\": \"\\u0421\\u0432\\u044f\\u0437\\u044c parameter-product\", \"object\": \"Parameter_products object (124)\"}}]"}}, {"model": "admin.logentry", "pk": 104, "fields": {"action_time": "2023-01-17T18:42:07.758Z", "user": 1, "content_type": 11, "object_id": "17", "object_repr": "RoboCard RX-10", "action_flag": 2, "change_message": "[{\"added\": {\"name\": \"\\u0438\\u0437\\u043e\\u0431\\u0440\\u0430\\u0436\\u0435\\u043d\\u0438\\u0435\", \"object\": \"Image object (86)\"}}, {\"added\": {\"name\": \"\\u0438\\u0437\\u043e\\u0431\\u0440\\u0430\\u0436\\u0435\\u043d\\u0438\\u0435\", \"object\": \"Image object (87)\"}}, {\"added\": {\"name\": \"\\u0438\\u0437\\u043e\\u0431\\u0440\\u0430\\u0436\\u0435\\u043d\\u0438\\u0435\", \"object\": \"Image object (88)\"}}, {\"added\": {\"name\": \"\\u0421\\u0432\\u044f\\u0437\\u044c parameter-product\", \"object\": \"Parameter_products object (125)\"}}, {\"added\": {\"name\": \"\\u0421\\u0432\\u044f\\u0437\\u044c parameter-product\", \"object\": \"Parameter_products object (126)\"}}, {\"added\": {\"name\": \"\\u0421\\u0432\\u044f\\u0437\\u044c parameter-product\", \"object\": \"Parameter_products object (127)\"}}, {\"added\": {\"name\": \"\\u0421\\u0432\\u044f\\u0437\\u044c parameter-product\", \"object\": \"Parameter_products object (128)\"}}]"}}, {"model": "admin.logentry", "pk": 105, "fields": {"action_time": "2023-01-18T13:14:15.182Z", "user": 1, "content_type": 16, "object_id": "1", "object_repr": "\u041e\u0442\u0437\u044b\u0432\u044b \u043a RoboSound RX-10", "action_flag": 1, "change_message": "[{\"added\": {}}]"}}, {"model": "admin.logentry", "pk": 106, "fields": {"action_time": "2023-01-18T13:14:25.172Z", "user": 1, "content_type": 16, "object_id": "2", "object_repr": "\u041e\u0442\u0437\u044b\u0432\u044b \u043a RoboSound RX-10", "action_flag": 1, "change_message": "[{\"added\": {}}]"}}, {"model": "admin.logentry", "pk": 107, "fields": {"action_time": "2023-01-18T13:14:34.393Z", "user": 1, "content_type": 16, "object_id": "3", "object_repr": "\u041e\u0442\u0437\u044b\u0432\u044b \u043a RoboSound RX-10", "action_flag": 1, "change_message": "[{\"added\": {}}]"}}, {"model": "admin.logentry", "pk": 108, "fields": {"action_time": "2023-01-18T13:16:54.920Z", "user": 1, "content_type": 16, "object_id": "3", "object_repr": "\u041e\u0442\u0437\u044b\u0432\u044b \u043a RoboSound RX-10", "action_flag": 2, "change_message": "[{\"changed\": {\"fields\": [\"text\"]}}]"}}, {"model": "admin.logentry", "pk": 109, "fields": {"action_time": "2023-01-18T14:15:44.049Z", "user": 1, "content_type": 16, "object_id": "3", "object_repr": "Review for Fake-Robophone RX-10", "action_flag": 2, "change_message": "[{\"changed\": {\"fields\": [\"product\"]}}]"}}, {"model": "admin.logentry", "pk": 110, "fields": {"action_time": "2023-01-18T14:16:05.367Z", "user": 1, "content_type": 16, "object_id": "2", "object_repr": "Review for Fake-Robophone RX-10", "action_flag": 2, "change_message": "[{\"changed\": {\"fields\": [\"product\"]}}]"}}, {"model": "admin.logentry", "pk": 111, "fields": {"action_time": "2023-01-18T14:18:14.107Z", "user": 1, "content_type": 16, "object_id": "1", "object_repr": "Review for RoboSound RX-10", "action_flag": 2, "change_message": "[{\"changed\": {\"fields\": [\"product\"]}}]"}}, {"model": "admin.logentry", "pk": 112, "fields": {"action_time": "2023-01-22T08:55:12.972Z", "user": 1, "content_type": 11, "object_id": "33", "object_repr": "\u0442\u0435\u0441\u0442 \u0442\u0435\u0441\u0442 \u0442\u0435\u0441\u0442 \u0442\u0435\u0441\u0442 \u0442\u0435\u0441\u0442 \u0442\u0435\u0441\u0442 \u0442\u0435\u0441\u0442 \u0442\u0435\u0441\u0442 \u0442\u0435\u0441\u0442 \u0442\u0435\u0441\u0442 \u0442\u0435\u0441\u0442 \u0442\u0435\u0441\u0442 \u0442\u0435\u0441\u0442 \u0442\u0435\u0441\u0442 \u0442\u0435\u0441\u0442 \u0442\u0435\u0441\u0442 \u0442\u0435\u0441\u0442 \u0442\u0435\u0441\u0442 \u0442\u0435\u0441\u0442 \u0442\u0435\u0441\u0442 \u0442\u0435\u0441\u0442 \u0442\u0435\u0441\u0442 \u0442\u0435\u0441\u0442 \u0442\u0435\u0441\u0442 \u0442\u0435\u0441\u0442 \u0442\u0435\u0441\u0442 \u0442\u0435\u0441\u0442 \u0442\u0435\u0441\u0442 \u0442\u0435\u0441\u0442 \u0442\u0435\u0441\u0442 \u0442\u0435\u0441\u0442 \u0442\u0435\u0441\u0442 \u0442\u0435\u0441\u0442 \u0442\u0435\u0441\u0442 \u0442\u0435\u0441\u0442", "action_flag": 1, "change_message": "[{\"added\": {}}]"}}, {"model": "admin.logentry", "pk": 113, "fields": {"action_time": "2023-01-22T09:37:47.951Z", "user": 1, "content_type": 11, "object_id": "33", "object_repr": "\u0442\u0435\u0441\u0442 \u0442\u0435\u0441\u0442 \u0442\u0435\u0441\u0442 \u0442\u0435\u0441\u0442 \u0442\u0435\u0441\u0442 \u0442\u0435\u0441\u0442 \u0442\u0435\u0441\u0442 \u0442\u0435\u0441\u0442 \u0442\u0435\u0441\u0442 \u0442\u0435\u0441\u0442 \u0442\u0435\u0441\u0442 \u0442\u0435\u0441\u0442 \u0442\u0435\u0441\u0442 \u0442\u0435\u0441\u0442 \u0442\u0435\u0441\u0442 \u0442\u0435\u0441\u0442 \u0442\u0435\u0441\u0442 \u0442\u0435\u0441\u0442 \u0442\u0435\u0441\u0442 \u0442\u0435\u0441\u0442 \u0442\u0435\u0441\u0442 \u0442\u0435\u0441\u0442 \u0442\u0435\u0441\u0442 \u0442\u0435\u0441\u0442 \u0442\u0435\u0441\u0442 \u0442\u0435\u0441\u0442 \u0442\u0435\u0441\u0442 \u0442\u0435\u0441\u0442 \u0442\u0435\u0441\u0442 \u0442\u0435\u0441\u0442 \u0442\u0435\u0441\u0442 \u0442\u0435\u0441\u0442 \u0442\u0435\u0441\u0442 \u0442\u0435\u0441\u0442 \u0442\u0435\u0441\u0442", "action_flag": 2, "change_message": "[{\"changed\": {\"fields\": [\"stock\"]}}]"}}, {"model": "admin.logentry", "pk": 114, "fields": {"action_time": "2023-01-22T10:35:19.701Z", "user": 1, "content_type": 11, "object_id": "33", "object_repr": "\u041e\u0447\u0435\u043d\u044c \u0434\u043b\u0438\u043d\u043d\u043e\u0435 \u043d\u0430\u0437\u0432\u0430\u043d\u0438\u0435 \u041e\u0447\u0435\u043d\u044c \u0434\u043b\u0438\u043d\u043d\u043e\u0435 \u043d\u0430\u0437\u0432\u0430\u043d\u0438\u0435 \u041e\u0447\u0435\u043d\u044c \u0434\u043b\u0438\u043d\u043d\u043e\u0435 \u043d\u0430\u0437\u0432\u0430\u043d\u0438\u0435 \u041e\u0447\u0435\u043d\u044c \u0434\u043b\u0438\u043d\u043d\u043e\u0435 \u043d\u0430\u0437\u0432\u0430\u043d\u0438\u0435 \u041e\u0447\u0435\u043d\u044c \u0434\u043b\u0438\u043d\u043d\u043e\u0435 \u043d\u0430\u0437\u0432\u0430\u043d\u0438\u0435 \u041e\u0447\u0435\u043d\u044c \u0434\u043b\u0438\u043d\u043d\u043e\u0435 \u043d\u0430\u0437\u0432\u0430\u043d\u0438\u0435 \u041e\u0447\u0435\u043d\u044c \u0434\u043b\u0438\u043d\u043d\u043e\u0435 \u043d\u0430\u0437\u0432\u0430\u043d\u0438\u0435 \u041e\u0447\u0435\u043d\u044c \u0434\u043b\u0438\u043d\u043d\u043e\u0435 \u043d\u0430\u0437\u0432\u0430\u043d\u0438\u0435 \u041e\u0447\u0435\u043d\u044c \u0434\u043b\u0438\u043d\u043d\u043e\u0435 \u043d\u0430", "action_flag": 2, "change_message": "[{\"changed\": {\"fields\": [\"name\"]}}]"}}, {"model": "admin.logentry", "pk": 115, "fields": {"action_time": "2023-01-22T14:07:51.471Z", "user": 1, "content_type": 19, "object_id": "1", "object_repr": "\u043d\u0430\u0441\u0442\u0440\u043e\u0439\u043a\u0438", "action_flag": 2, "change_message": "[{\"changed\": {\"fields\": [\"category_main_page\"]}}]"}}, {"model": "admin.logentry", "pk": 116, "fields": {"action_time": "2023-01-22T14:08:39.735Z", "user": 1, "content_type": 19, "object_id": "1", "object_repr": "\u043d\u0430\u0441\u0442\u0440\u043e\u0439\u043a\u0438", "action_flag": 2, "change_message": "[]"}}, {"model": "admin.logentry", "pk": 117, "fields": {"action_time": "2023-01-22T14:14:46.254Z", "user": 1, "content_type": 19, "object_id": "1", "object_repr": "\u043d\u0430\u0441\u0442\u0440\u043e\u0439\u043a\u0438", "action_flag": 3, "change_message": ""}}, {"model": "admin.logentry", "pk": 118, "fields": {"action_time": "2023-01-22T14:16:42.139Z", "user": 1, "content_type": 19, "object_id": "2", "object_repr": "\u043d\u0430\u0441\u0442\u0440\u043e\u0439\u043a\u0438", "action_flag": 1, "change_message": "[{\"added\": {}}]"}}, {"model": "admin.logentry", "pk": 119, "fields": {"action_time": "2023-01-22T14:18:41.292Z", "user": 1, "content_type": 19, "object_id": "2", "object_repr": "\u043d\u0430\u0441\u0442\u0440\u043e\u0439\u043a\u0438", "action_flag": 3, "change_message": ""}}, {"model": "admin.logentry", "pk": 120, "fields": {"action_time": "2023-01-22T14:25:51.525Z", "user": 1, "content_type": 19, "object_id": "3", "object_repr": "\u043d\u0430\u0441\u0442\u0440\u043e\u0439\u043a\u0438", "action_flag": 1, "change_message": "[{\"added\": {}}]"}}, {"model": "admin.logentry", "pk": 121, "fields": {"action_time": "2023-01-22T14:26:04.586Z", "user": 1, "content_type": 19, "object_id": "3", "object_repr": "\u043d\u0430\u0441\u0442\u0440\u043e\u0439\u043a\u0438", "action_flag": 2, "change_message": "[]"}}, {"model": "admin.logentry", "pk": 122, "fields": {"action_time": "2023-01-22T14:38:52.087Z", "user": 1, "content_type": 19, "object_id": "3", "object_repr": "\u043d\u0430\u0441\u0442\u0440\u043e\u0439\u043a\u0438", "action_flag": 2, "change_message": "[]"}}, {"model": "admin.logentry", "pk": 123, "fields": {"action_time": "2023-01-22T14:58:50.259Z", "user": 1, "content_type": 19, "object_id": "3", "object_repr": "\u043d\u0430\u0441\u0442\u0440\u043e\u0439\u043a\u0438", "action_flag": 2, "change_message": "[{\"changed\": {\"fields\": [\"category_main_page\"]}}]"}}, {"model": "admin.logentry", "pk": 124, "fields": {"action_time": "2023-01-22T14:59:07.972Z", "user": 1, "content_type": 19, "object_id": "3", "object_repr": "\u043d\u0430\u0441\u0442\u0440\u043e\u0439\u043a\u0438", "action_flag": 2, "change_message": "[{\"changed\": {\"fields\": [\"category_main_page\"]}}]"}}, {"model": "admin.logentry", "pk": 125, "fields": {"action_time": "2023-01-22T14:59:33.360Z", "user": 1, "content_type": 19, "object_id": "3", "object_repr": "\u043d\u0430\u0441\u0442\u0440\u043e\u0439\u043a\u0438", "action_flag": 2, "change_message": "[{\"changed\": {\"fields\": [\"category_main_page\"]}}]"}}, {"model": "admin.logentry", "pk": 126, "fields": {"action_time": "2023-01-22T15:00:06.800Z", "user": 1, "content_type": 10, "object_id": "2", "object_repr": "\u041d\u043e\u0443\u0442\u0431\u0443\u043a\u0438", "action_flag": 2, "change_message": "[{\"changed\": {\"fields\": [\"image\"]}}]"}}, {"model": "admin.logentry", "pk": 127, "fields": {"action_time": "2023-01-22T15:02:10.329Z", "user": 1, "content_type": 10, "object_id": "2", "object_repr": "\u041d\u043e\u0443\u0442\u0431\u0443\u043a\u0438", "action_flag": 2, "change_message": "[{\"changed\": {\"fields\": [\"image\"]}}]"}}, {"model": "admin.logentry", "pk": 128, "fields": {"action_time": "2023-01-22T15:05:02.171Z", "user": 1, "content_type": 19, "object_id": "3", "object_repr": "\u043d\u0430\u0441\u0442\u0440\u043e\u0439\u043a\u0438", "action_flag": 2, "change_message": "[]"}}, {"model": "admin.logentry", "pk": 129, "fields": {"action_time": "2023-01-22T15:26:41.455Z", "user": 1, "content_type": 19, "object_id": "3", "object_repr": "\u043d\u0430\u0441\u0442\u0440\u043e\u0439\u043a\u0438", "action_flag": 2, "change_message": "[{\"changed\": {\"fields\": [\"root_category\"]}}]"}}, {"model": "admin.logentry", "pk": 130, "fields": {"action_time": "2023-01-22T15:27:46.057Z", "user": 1, "content_type": 10, "object_id": "12", "object_repr": "\u0412\u0441\u0435 \u043a\u0430\u0442\u0435\u0433\u043e\u0440\u0438\u0438", "action_flag": 1, "change_message": "[{\"added\": {}}]"}}, {"model": "admin.logentry", "pk": 131, "fields": {"action_time": "2023-01-22T15:28:12.347Z", "user": 1, "content_type": 10, "object_id": "12", "object_repr": "\u0412\u0441\u0435 \u043a\u0430\u0442\u0435\u0433\u043e\u0440\u0438\u0438", "action_flag": 2, "change_message": "[]"}}, {"model": "admin.logentry", "pk": 132, "fields": {"action_time": "2023-01-22T15:28:19.931Z", "user": 1, "content_type": 10, "object_id": "8", "object_repr": "\u0410\u0443\u0434\u0438\u043e\u0442\u0435\u0445\u043d\u0438\u043a\u0430", "action_flag": 2, "change_message": "[{\"changed\": {\"fields\": [\"parent\"]}}]"}}, {"model": "admin.logentry", "pk": 133, "fields": {"action_time": "2023-01-22T15:28:26.053Z", "user": 1, "content_type": 10, "object_id": "4", "object_repr": "\u0411\u0435\u0441\u043f\u0438\u043b\u043e\u0442\u043d\u0438\u043a\u0438", "action_flag": 2, "change_message": "[{\"changed\": {\"fields\": [\"parent\"]}}]"}}, {"model": "admin.logentry", "pk": 134, "fields": {"action_time": "2023-01-22T15:28:33.813Z", "user": 1, "content_type": 10, "object_id": "1", "object_repr": "\u041a\u043e\u043c\u043f\u044c\u044e\u0442\u0435\u0440\u043d\u0430\u044f \u0442\u0435\u0445\u043d\u0438\u043a\u0430", "action_flag": 2, "change_message": "[{\"changed\": {\"fields\": [\"parent\"]}}]"}}, {"model": "admin.logentry", "pk": 135, "fields": {"action_time": "2023-01-22T15:28:53.712Z", "user": 1, "content_type": 10, "object_id": "5", "object_repr": "\u041c\u043e\u0431\u0438\u043b\u044c\u043d\u044b\u0435 \u0443\u0441\u0442\u0440\u043e\u0439\u0441\u0442\u0432\u0430", "action_flag": 2, "change_message": "[{\"changed\": {\"fields\": [\"parent\"]}}]"}}, {"model": "admin.logentry", "pk": 136, "fields": {"action_time": "2023-01-22T15:29:00.775Z", "user": 1, "content_type": 10, "object_id": "11", "object_repr": "\u0422\u0440\u0435\u043d\u0430\u0436\u0435\u0440\u044b", "action_flag": 2, "change_message": "[{\"changed\": {\"fields\": [\"parent\"]}}]"}}, {"model": "admin.logentry", "pk": 137, "fields": {"action_time": "2023-01-22T15:29:20.066Z", "user": 1, "content_type": 19, "object_id": "3", "object_repr": "\u043d\u0430\u0441\u0442\u0440\u043e\u0439\u043a\u0438", "action_flag": 2, "change_message": "[{\"changed\": {\"fields\": [\"root_category\"]}}]"}}, {"model": "admin.logentry", "pk": 138, "fields": {"action_time": "2023-01-23T07:52:29.569Z", "user": 1, "content_type": 18, "object_id": "1", "object_repr": "order 1", "action_flag": 1, "change_message": "[{\"added\": {}}, {\"added\": {\"name\": \"\\u0442\\u043e\\u0432\\u0430\\u0440\", \"object\": \"1\"}}, {\"added\": {\"name\": \"\\u0442\\u043e\\u0432\\u0430\\u0440\", \"object\": \"2\"}}]"}}, {"model": "admin.logentry", "pk": 139, "fields": {"action_time": "2023-01-23T07:53:55.131Z", "user": 1, "content_type": 18, "object_id": "2", "object_repr": "order 2", "action_flag": 1, "change_message": "[{\"added\": {}}, {\"added\": {\"name\": \"\\u0442\\u043e\\u0432\\u0430\\u0440\", \"object\": \"3\"}}, {\"added\": {\"name\": \"\\u0442\\u043e\\u0432\\u0430\\u0440\", \"object\": \"4\"}}]"}}, {"model": "admin.logentry", "pk": 140, "fields": {"action_time": "2023-01-23T09:50:52.323Z", "user": 1, "content_type": 18, "object_id": "3", "object_repr": "order 3", "action_flag": 1, "change_message": "[{\"added\": {}}, {\"added\": {\"name\": \"\\u0442\\u043e\\u0432\\u0430\\u0440\", \"object\": \"5\"}}, {\"added\": {\"name\": \"\\u0442\\u043e\\u0432\\u0430\\u0440\", \"object\": \"6\"}}]"}}, {"model": "admin.logentry", "pk": 141, "fields": {"action_time": "2023-01-23T09:51:55.422Z", "user": 1, "content_type": 18, "object_id": "3", "object_repr": "order 3", "action_flag": 2, "change_message": "[{\"deleted\": {\"name\": \"\\u0442\\u043e\\u0432\\u0430\\u0440\", \"object\": \"6\"}}]"}}, {"model": "admin.logentry", "pk": 142, "fields": {"action_time": "2023-01-24T14:03:50.013Z", "user": 1, "content_type": 19, "object_id": "3", "object_repr": "\u043d\u0430\u0441\u0442\u0440\u043e\u0439\u043a\u0438", "action_flag": 2, "change_message": "[{\"changed\": {\"fields\": [\"common_delivery_price\"]}}]"}}, {"model": "admin.logentry", "pk": 143, "fields": {"action_time": "2023-01-24T14:42:37.102Z", "user": 1, "content_type": 19, "object_id": "3", "object_repr": "\u043d\u0430\u0441\u0442\u0440\u043e\u0439\u043a\u0438", "action_flag": 2, "change_message": "[{\"changed\": {\"fields\": [\"common_delivery_price\"]}}]"}}, {"model": "admin.logentry", "pk": 144, "fields": {"action_time": "2023-01-24T15:00:43.586Z", "user": 1, "content_type": 18, "object_id": "13", "object_repr": "order 13", "action_flag": 3, "change_message": ""}}, {"model": "admin.logentry", "pk": 145, "fields": {"action_time": "2023-01-24T15:00:43.589Z", "user": 1, "content_type": 18, "object_id": "12", "object_repr": "order 12", "action_flag": 3, "change_message": ""}}, {"model": "admin.logentry", "pk": 146, "fields": {"action_time": "2023-01-24T15:00:43.591Z", "user": 1, "content_type": 18, "object_id": "11", "object_repr": "order 11", "action_flag": 3, "change_message": ""}}, {"model": "admin.logentry", "pk": 147, "fields": {"action_time": "2023-01-24T15:00:43.593Z", "user": 1, "content_type": 18, "object_id": "10", "object_repr": "order 10", "action_flag": 3, "change_message": ""}}, {"model": "admin.logentry", "pk": 148, "fields": {"action_time": "2023-01-24T15:00:43.595Z", "user": 1, "content_type": 18, "object_id": "9", "object_repr": "order 9", "action_flag": 3, "change_message": ""}}, {"model": "admin.logentry", "pk": 149, "fields": {"action_time": "2023-01-24T15:00:43.597Z", "user": 1, "content_type": 18, "object_id": "8", "object_repr": "order 8", "action_flag": 3, "change_message": ""}}, {"model": "admin.logentry", "pk": 150, "fields": {"action_time": "2023-01-24T15:00:43.599Z", "user": 1, "content_type": 18, "object_id": "7", "object_repr": "order 7", "action_flag": 3, "change_message": ""}}, {"model": "admin.logentry", "pk": 151, "fields": {"action_time": "2023-01-24T15:00:43.601Z", "user": 1, "content_type": 18, "object_id": "6", "object_repr": "order 6", "action_flag": 3, "change_message": ""}}, {"model": "admin.logentry", "pk": 152, "fields": {"action_time": "2023-01-24T15:00:43.603Z", "user": 1, "content_type": 18, "object_id": "5", "object_repr": "order 5", "action_flag": 3, "change_message": ""}}, {"model": "admin.logentry", "pk": 153, "fields": {"action_time": "2023-01-24T15:00:43.605Z", "user": 1, "content_type": 18, "object_id": "4", "object_repr": "order 4", "action_flag": 3, "change_message": ""}}, {"model": "admin.logentry", "pk": 154, "fields": {"action_time": "2023-01-24T15:00:43.607Z", "user": 1, "content_type": 18, "object_id": "3", "object_repr": "order 3", "action_flag": 3, "change_message": ""}}, {"model": "admin.logentry", "pk": 155, "fields": {"action_time": "2023-01-24T15:16:36.617Z", "user": 1, "content_type": 18, "object_id": "14", "object_repr": "order 14", "action_flag": 2, "change_message": "[{\"changed\": {\"fields\": [\"city\"]}}]"}}, {"model": "admin.logentry", "pk": 156, "fields": {"action_time": "2023-01-24T15:28:56.853Z", "user": 1, "content_type": 18, "object_id": "14", "object_repr": "order 14", "action_flag": 2, "change_message": "[{\"changed\": {\"fields\": [\"paid\"]}}]"}}, {"model": "admin.logentry", "pk": 157, "fields": {"action_time": "2023-01-25T12:47:46.142Z", "user": 1, "content_type": 11, "object_id": "25", "object_repr": "RoboSound RX-10", "action_flag": 2, "change_message": "[{\"changed\": {\"fields\": [\"available\"]}}]"}}, {"model": "admin.logentry", "pk": 158, "fields": {"action_time": "2023-01-25T12:50:47.458Z", "user": 1, "content_type": 11, "object_id": "25", "object_repr": "RoboSound RX-10", "action_flag": 2, "change_message": "[{\"changed\": {\"fields\": [\"available\"]}}]"}}, {"model": "admin.logentry", "pk": 159, "fields": {"action_time": "2023-01-25T15:18:52.355Z", "user": 1, "content_type": 19, "object_id": "3", "object_repr": "\u043d\u0430\u0441\u0442\u0440\u043e\u0439\u043a\u0438", "action_flag": 2, "change_message": "[{\"changed\": {\"fields\": [\"quantity_popular\"]}}]"}}, {"model": "admin.logentry", "pk": 160, "fields": {"action_time": "2023-01-25T15:19:09.636Z", "user": 1, "content_type": 19, "object_id": "3", "object_repr": "\u043d\u0430\u0441\u0442\u0440\u043e\u0439\u043a\u0438", "action_flag": 2, "change_message": "[{\"changed\": {\"fields\": [\"quantity_popular\"]}}]"}}, {"model": "admin.logentry", "pk": 161, "fields": {"action_time": "2023-01-25T15:19:22.136Z", "user": 1, "content_type": 19, "object_id": "3", "object_repr": "\u043d\u0430\u0441\u0442\u0440\u043e\u0439\u043a\u0438", "action_flag": 2, "change_message": "[{\"changed\": {\"fields\": [\"quantity_popular\"]}}]"}}, {"model": "admin.logentry", "pk": 162, "fields": {"action_time": "2023-01-25T15:27:27.575Z", "user": 1, "content_type": 19, "object_id": "3", "object_repr": "\u043d\u0430\u0441\u0442\u0440\u043e\u0439\u043a\u0438", "action_flag": 2, "change_message": "[{\"changed\": {\"fields\": [\"quantity_popular\"]}}]"}}, {"model": "admin.logentry", "pk": 163, "fields": {"action_time": "2023-01-25T15:27:49.161Z", "user": 1, "content_type": 19, "object_id": "3", "object_repr": "\u043d\u0430\u0441\u0442\u0440\u043e\u0439\u043a\u0438", "action_flag": 2, "change_message": "[{\"changed\": {\"fields\": [\"quantity_popular\"]}}]"}}]